,name,ageDuringRace,points
0,Nico Rosberg,28,25.0
1,Nico Rosberg,29,18.0
2,Nico Rosberg,30,25.0
3,Kevin Magnussen,21,18.0
4,Kevin Magnussen,22,0.0
5,Kevin Magnussen,23,0.0
6,Kevin Magnussen,24,0.0
7,Kevin Magnussen,25,0.0
8,Kevin Magnussen,26,8.0
9,Jenson Button,34,15.0
10,Jenson Button,35,0.0
11,Jenson Button,36,0.0
12,Fernando Alonso,32,12.0
13,Fernando Alonso,34,0.0
14,Fernando Alonso,35,0.0
15,Fernando Alonso,36,10.0
16,Valtteri Bottas,24,10.0
17,Valtteri Bottas,25,0.0
18,Valtteri Bottas,26,4.0
19,Valtteri Bottas,27,15.0
20,Valtteri Bottas,28,4.0
21,Valtteri Bottas,29,26.0
22,Nico Hülkenberg,26,8.0
23,Nico Hülkenberg,27,6.0
24,Nico Hülkenberg,28,6.0
25,Nico Hülkenberg,29,0.0
26,Nico Hülkenberg,30,6.0
27,Nico Hülkenberg,31,6.0
28,Kimi Räikkönen,34,6.0
29,Kimi Räikkönen,35,0.0
30,Kimi Räikkönen,36,0.0
31,Kimi Räikkönen,37,12.0
32,Kimi Räikkönen,38,15.0
33,Kimi Räikkönen,39,4.0
34,Jean-Éric Vergne,23,4.0
35,Daniil Kvyat,19,2.0
36,Daniil Kvyat,20,0.0
37,Daniil Kvyat,21,0.0
38,Daniil Kvyat,22,2.0
39,Daniil Kvyat,24,1.0
40,Sergio Pérez,24,1.0
41,Sergio Pérez,25,1.0
42,Sergio Pérez,26,0.0
43,Sergio Pérez,27,6.0
44,Sergio Pérez,28,0.0
45,Sergio Pérez,29,0.0
46,Adrian Sutil,31,0.0
47,Esteban Gutiérrez,22,0.0
48,Esteban Gutiérrez,24,0.0
49,Max Chilton,22,0.0
50,Jules Bianchi,24,0.0
51,Romain Grosjean,27,0.0
52,Romain Grosjean,28,0.0
53,Romain Grosjean,29,8.0
54,Romain Grosjean,30,0.0
55,Romain Grosjean,31,0.0
56,Romain Grosjean,32,0.0
57,Pastor Maldonado,29,0.0
58,Pastor Maldonado,30,0.0
59,Marcus Ericsson,23,0.0
60,Marcus Ericsson,24,4.0
61,Marcus Ericsson,25,0.0
62,Marcus Ericsson,26,0.0
63,Marcus Ericsson,27,0.0
64,Sebastian Vettel,26,0.0
65,Sebastian Vettel,27,15.0
66,Sebastian Vettel,28,15.0
67,Sebastian Vettel,29,25.0
68,Sebastian Vettel,30,25.0
69,Sebastian Vettel,31,12.0
70,Lewis Hamilton,29,0.0
71,Lewis Hamilton,30,25.0
72,Lewis Hamilton,31,18.0
73,Lewis Hamilton,32,18.0
74,Lewis Hamilton,33,18.0
75,Lewis Hamilton,34,18.0
76,Felipe Massa,32,0.0
77,Felipe Massa,33,12.0
78,Felipe Massa,34,10.0
79,Felipe Massa,35,8.0
80,Kamui Kobayashi,27,0.0
81,Daniel Ricciardo,24,0.0
82,Daniel Ricciardo,25,8.0
83,Daniel Ricciardo,26,12.0
84,Daniel Ricciardo,27,0.0
85,Daniel Ricciardo,28,12.0
86,Daniel Ricciardo,29,0.0
87,Felipe Nasr,22,10.0
88,Felipe Nasr,23,0.0
89,Carlos Sainz,20,2.0
90,Carlos Sainz,21,2.0
91,Carlos Sainz,22,4.0
92,Carlos Sainz,23,1.0
93,Carlos Sainz,24,0.0
94,Max Verstappen,17,0.0
95,Max Verstappen,18,1.0
96,Max Verstappen,19,10.0
97,Max Verstappen,20,8.0
98,Max Verstappen,21,15.0
99,Jolyon Palmer,25,0.0
100,Jolyon Palmer,26,0.0
101,Pascal Wehrlein,21,0.0
102,Rio Haryanto,23,0.0
103,Stoffel Vandoorne,25,0.0
104,Stoffel Vandoorne,26,2.0
105,Esteban Ocon,20,1.0
106,Esteban Ocon,21,0.0
107,Antonio Giovinazzi,23,0.0
108,Antonio Giovinazzi,25,0.0
109,Lance Stroll,18,0.0
110,Lance Stroll,19,0.0
111,Lance Stroll,20,2.0
112,Pierre Gasly,22,0.0
113,Pierre Gasly,23,0.0
114,Brendon Hartley,28,0.0
115,Charles Leclerc,20,0.0
116,Charles Leclerc,21,10.0
117,Sergey Sirotkin,22,0.0
118,Lando Norris,19,0.0
119,Alexander Albon,22,0.0
120,George Russell,21,0.0
121,Robert Kubica,34,0.0
123,Nico Rosberg,28,18.0
124,Nico Rosberg,29,15.0
125,Nico Rosberg,31,15.0
126,Kevin Magnussen,21,2.0
127,Kevin Magnussen,24,0.0
128,Kevin Magnussen,25,0.0
129,Jenson Button,34,8.0
130,Jenson Button,35,0.0
131,Jenson Button,36,2.0
132,Fernando Alonso,32,12.0
133,Fernando Alonso,33,0.0
134,Fernando Alonso,35,6.0
135,Fernando Alonso,36,0.0
136,Valtteri Bottas,24,4.0
137,Valtteri Bottas,25,10.0
138,Valtteri Bottas,27,10.0
139,Valtteri Bottas,28,10.0
140,Nico Hülkenberg,26,10.0
141,Nico Hülkenberg,27,0.0
142,Nico Hülkenberg,29,4.0
143,Nico Hülkenberg,30,0.0
144,Kimi Räikkönen,34,0.0
145,Kimi Räikkönen,35,12.0
146,Kimi Räikkönen,36,12.0
147,Kimi Räikkönen,37,0.0
148,Jean-Éric Vergne,23,0.0
149,Daniil Kvyat,19,1.0
150,Daniil Kvyat,20,2.0
151,Daniil Kvyat,22,0.0
152,Sergio Pérez,24,0.0
153,Sergio Pérez,25,0.0
154,Sergio Pérez,26,8.0
155,Sergio Pérez,27,8.0
156,Adrian Sutil,31,0.0
157,Esteban Gutiérrez,22,0.0
158,Esteban Gutiérrez,25,0.0
159,Max Chilton,22,0.0
160,Jules Bianchi,24,0.0
161,Romain Grosjean,27,0.0
162,Romain Grosjean,28,0.0
163,Romain Grosjean,30,0.0
164,Romain Grosjean,31,0.0
165,Pastor Maldonado,29,0.0
166,Pastor Maldonado,30,0.0
167,Marcus Ericsson,23,0.0
168,Marcus Ericsson,24,0.0
169,Marcus Ericsson,26,0.0
170,Marcus Ericsson,27,0.0
171,Sebastian Vettel,26,15.0
172,Sebastian Vettel,27,25.0
173,Sebastian Vettel,29,0.0
174,Sebastian Vettel,30,12.0
175,Lewis Hamilton,29,25.0
176,Lewis Hamilton,30,18.0
177,Lewis Hamilton,31,0.0
178,Lewis Hamilton,32,18.0
179,Felipe Massa,32,6.0
180,Felipe Massa,33,8.0
181,Felipe Massa,35,0.0
182,Felipe Massa,36,2.0
183,Kamui Kobayashi,27,0.0
184,Daniel Ricciardo,24,0.0
185,Daniel Ricciardo,25,1.0
186,Daniel Ricciardo,27,25.0
187,Daniel Ricciardo,28,15.0
188,Will Stevens,23,0.0
189,Felipe Nasr,22,0.0
190,Felipe Nasr,24,0.0
191,Carlos Sainz,20,4.0
192,Carlos Sainz,22,0.0
193,Carlos Sainz,23,0.0
194,Max Verstappen,17,6.0
195,Max Verstappen,19,18.0
196,Max Verstappen,20,25.0
197,Roberto Merhi,24,0.0
198,Jolyon Palmer,25,1.0
199,Jolyon Palmer,26,0.0
200,Pascal Wehrlein,21,0.0
201,Pascal Wehrlein,22,0.0
202,Stoffel Vandoorne,25,6.0
203,Esteban Ocon,20,0.0
204,Esteban Ocon,21,1.0
205,Lance Stroll,18,4.0
206,Pierre Gasly,21,0.0
207,Nico Rosberg,28,18.0
208,Nico Rosberg,29,15.0
209,Nico Rosberg,30,25.0
210,Kevin Magnussen,21,0.0
211,Kevin Magnussen,23,0.0
212,Kevin Magnussen,24,0.0
213,Kevin Magnussen,25,10.0
214,Kevin Magnussen,26,0.0
215,Kevin Magnussen,28,0.0
216,Kevin Magnussen,28,0.0
217,Jenson Button,34,0.0
218,Jenson Button,35,0.0
219,Jenson Button,36,0.0
220,Fernando Alonso,32,2.0
221,Fernando Alonso,33,0.0
222,Fernando Alonso,35,0.0
223,Fernando Alonso,36,6.0
224,Fernando Alonso,39,0.0
225,Valtteri Bottas,24,4.0
226,Valtteri Bottas,25,12.0
227,Valtteri Bottas,26,2.0
228,Valtteri Bottas,27,15.0
229,Valtteri Bottas,28,18.0
230,Valtteri Bottas,29,18.0
231,Valtteri Bottas,31,4.0
232,Valtteri Bottas,31,4.0
233,Valtteri Bottas,31,16.0
234,Nico Hülkenberg,26,10.0
235,Nico Hülkenberg,27,0.0
236,Nico Hülkenberg,28,0.0
237,Nico Hülkenberg,29,2.0
238,Nico Hülkenberg,30,8.0
239,Nico Hülkenberg,31,0.0
240,Kimi Räikkönen,34,1.0
241,Kimi Räikkönen,35,18.0
242,Kimi Räikkönen,36,18.0
243,Kimi Räikkönen,37,12.0
244,Kimi Räikkönen,38,0.0
245,Kimi Räikkönen,39,6.0
246,Kimi Räikkönen,41,0.0
247,Kimi Räikkönen,41,0.0
248,Kimi Räikkönen,41,0.0
249,Jean-Éric Vergne,23,0.0
250,Daniil Kvyat,19,0.0
251,Daniil Kvyat,20,2.0
252,Daniil Kvyat,21,6.0
253,Daniil Kvyat,22,0.0
254,Daniil Kvyat,24,0.0
255,Daniil Kvyat,26,0.0
256,Daniil Kvyat,26,6.0
257,Sergio Pérez,24,15.0
258,Sergio Pérez,25,4.0
259,Sergio Pérez,26,0.0
260,Sergio Pérez,27,6.0
261,Sergio Pérez,28,0.0
262,Sergio Pérez,29,1.0
263,Sergio Pérez,30,0.0
264,Sergio Pérez,30,25.0
265,Sergio Pérez,31,10.0
266,Adrian Sutil,31,0.0
267,Esteban Gutiérrez,22,0.0
268,Esteban Gutiérrez,24,0.0
269,Max Chilton,22,0.0
270,Jules Bianchi,24,0.0
271,Romain Grosjean,27,0.0
272,Romain Grosjean,29,6.0
273,Romain Grosjean,29,10.0
274,Romain Grosjean,31,4.0
275,Romain Grosjean,31,0.0
276,Romain Grosjean,32,0.0
277,Romain Grosjean,34,0.0
278,Pastor Maldonado,29,0.0
279,Pastor Maldonado,30,0.0
280,Marcus Ericsson,23,0.0
281,Marcus Ericsson,24,0.0
282,Marcus Ericsson,25,0.0
283,Marcus Ericsson,26,0.0
284,Marcus Ericsson,27,2.0
285,Sebastian Vettel,26,8.0
286,Sebastian Vettel,27,10.0
287,Sebastian Vettel,28,0.0
288,Sebastian Vettel,29,25.0
289,Sebastian Vettel,30,25.0
290,Sebastian Vettel,31,10.0
291,Sebastian Vettel,33,0.0
292,Sebastian Vettel,33,0.0
293,Sebastian Vettel,33,0.0
294,Lewis Hamilton,29,25.0
295,Lewis Hamilton,30,25.0
296,Lewis Hamilton,31,15.0
297,Lewis Hamilton,32,18.0
298,Lewis Hamilton,33,15.0
299,Lewis Hamilton,34,25.0
300,Lewis Hamilton,35,25.0
301,Lewis Hamilton,36,25.0
302,Felipe Massa,32,6.0
303,Felipe Massa,34,1.0
304,Felipe Massa,34,4.0
305,Felipe Massa,36,8.0
306,Kamui Kobayashi,27,0.0
307,Daniel Ricciardo,24,12.0
308,Daniel Ricciardo,25,8.0
309,Daniel Ricciardo,26,12.0
310,Daniel Ricciardo,27,10.0
311,Daniel Ricciardo,28,0.0
312,Daniel Ricciardo,29,0.0
313,Daniel Ricciardo,31,6.0
314,Daniel Ricciardo,31,10.0
315,Daniel Ricciardo,31,6.0
316,Will Stevens,23,0.0
317,Felipe Nasr,22,0.0
318,Felipe Nasr,23,0.0
319,Carlos Sainz,20,0.0
320,Carlos Sainz,21,0.0
321,Carlos Sainz,22,0.0
322,Carlos Sainz,23,0.0
323,Carlos Sainz,24,0.0
324,Carlos Sainz,26,10.0
325,Carlos Sainz,26,12.0
326,Carlos Sainz,26,4.0
327,Max Verstappen,17,0.0
328,Max Verstappen,18,8.0
329,Max Verstappen,19,0.0
330,Max Verstappen,20,0.0
331,Max Verstappen,21,12.0
332,Max Verstappen,23,19.0
333,Max Verstappen,23,0.0
334,Max Verstappen,23,18.0
335,Roberto Merhi,24,0.0
336,Jolyon Palmer,25,0.0
337,Jolyon Palmer,26,0.0
338,Pascal Wehrlein,21,0.0
339,Pascal Wehrlein,22,0.0
340,Rio Haryanto,23,0.0
341,Stoffel Vandoorne,24,1.0
342,Stoffel Vandoorne,25,0.0
343,Stoffel Vandoorne,26,4.0
344,Esteban Ocon,20,1.0
345,Esteban Ocon,21,1.0
346,Esteban Ocon,24,2.0
347,Esteban Ocon,24,18.0
348,Esteban Ocon,24,0.0
349,Antonio Giovinazzi,25,0.0
350,Antonio Giovinazzi,26,0.0
351,Antonio Giovinazzi,26,0.0
352,Antonio Giovinazzi,27,0.0
353,Lance Stroll,18,0.0
354,Lance Stroll,19,0.0
355,Lance Stroll,20,0.0
356,Lance Stroll,22,0.0
357,Lance Stroll,22,15.0
358,Lance Stroll,22,1.0
359,Pierre Gasly,22,12.0
360,Pierre Gasly,23,4.0
361,Pierre Gasly,24,8.0
362,Pierre Gasly,24,0.0
363,Pierre Gasly,25,0.0
364,Brendon Hartley,28,0.0
365,Charles Leclerc,20,0.0
366,Charles Leclerc,21,16.0
367,Charles Leclerc,23,1.0
368,Charles Leclerc,23,0.0
369,Charles Leclerc,23,8.0
370,Sergey Sirotkin,22,0.0
371,Lando Norris,19,8.0
372,Lando Norris,21,12.0
373,Lando Norris,21,1.0
374,Lando Norris,21,12.0
375,Alexander Albon,23,2.0
376,Alexander Albon,24,15.0
377,Alexander Albon,24,8.0
378,George Russell,21,0.0
379,George Russell,22,0.0
380,George Russell,22,3.0
381,George Russell,23,0.0
382,Robert Kubica,34,0.0
383,Nicholas Latifi,25,0.0
384,Nicholas Latifi,25,0.0
385,Nicholas Latifi,25,0.0
386,Jack Aitken,25,0.0
387,Pietro Fittipaldi,24,0.0
388,Yuki Tsunoda,20,2.0
389,Mick Schumacher,22,0.0
390,Nikita Mazepin,22,0.0
391,Nico Rosberg,28,18.0
392,Nico Rosberg,29,18.0
393,Nico Rosberg,30,25.0
394,Kevin Magnussen,21,0.0
395,Kevin Magnussen,23,0.0
396,Kevin Magnussen,24,4.0
397,Kevin Magnussen,25,1.0
398,Kevin Magnussen,26,0.0
399,Jenson Button,34,0.0
400,Jenson Button,35,0.0
401,Jenson Button,36,0.0
402,Fernando Alonso,32,15.0
403,Fernando Alonso,33,0.0
404,Fernando Alonso,34,0.0
405,Fernando Alonso,35,0.0
406,Fernando Alonso,36,6.0
407,Valtteri Bottas,24,6.0
408,Valtteri Bottas,25,8.0
409,Valtteri Bottas,26,1.0
410,Valtteri Bottas,27,8.0
411,Valtteri Bottas,28,18.0
412,Valtteri Bottas,29,18.0
413,Nico Hülkenberg,26,8.0
414,Nico Hülkenberg,27,0.0
415,Nico Hülkenberg,28,0.0
416,Nico Hülkenberg,29,0.0
417,Nico Hülkenberg,30,8.0
418,Nico Hülkenberg,31,0.0
419,Kimi Räikkönen,34,4.0
420,Kimi Räikkönen,35,12.0
421,Kimi Räikkönen,36,10.0
422,Kimi Räikkönen,37,10.0
423,Kimi Räikkönen,38,15.0
424,Kimi Räikkönen,39,2.0
425,Jean-Éric Vergne,24,0.0
426,Daniil Kvyat,19,1.0
427,Daniil Kvyat,20,0.0
428,Daniil Kvyat,21,15.0
429,Daniil Kvyat,22,0.0
430,Daniil Kvyat,24,0.0
431,Sergio Pérez,24,2.0
432,Sergio Pérez,25,0.0
433,Sergio Pérez,26,0.0
434,Sergio Pérez,27,2.0
435,Sergio Pérez,28,0.0
436,Sergio Pérez,29,4.0
437,Adrian Sutil,31,0.0
438,Esteban Gutiérrez,22,0.0
439,Esteban Gutiérrez,24,0.0
440,Max Chilton,23,0.0
441,Jules Bianchi,24,0.0
442,Romain Grosjean,28,0.0
443,Romain Grosjean,29,6.0
444,Romain Grosjean,30,0.0
445,Romain Grosjean,31,0.0
446,Romain Grosjean,32,0.0
447,Romain Grosjean,33,0.0
448,Pastor Maldonado,29,0.0
449,Pastor Maldonado,30,0.0
450,Marcus Ericsson,23,0.0
451,Marcus Ericsson,24,1.0
452,Marcus Ericsson,25,0.0
453,Marcus Ericsson,26,0.0
454,Marcus Ericsson,27,0.0
455,Sebastian Vettel,26,10.0
456,Sebastian Vettel,27,15.0
457,Sebastian Vettel,28,18.0
458,Sebastian Vettel,29,18.0
459,Sebastian Vettel,30,4.0
460,Sebastian Vettel,31,15.0
461,Lewis Hamilton,29,25.0
462,Lewis Hamilton,30,25.0
463,Lewis Hamilton,31,6.0
464,Lewis Hamilton,32,25.0
465,Lewis Hamilton,33,12.0
466,Lewis Hamilton,34,25.0
467,Felipe Massa,33,0.0
468,Felipe Massa,33,10.0
469,Felipe Massa,35,8.0
470,Felipe Massa,35,0.0
471,Kamui Kobayashi,27,0.0
472,Daniel Ricciardo,24,12.0
473,Daniel Ricciardo,25,2.0
474,Daniel Ricciardo,26,12.0
475,Daniel Ricciardo,27,12.0
476,Daniel Ricciardo,28,25.0
477,Daniel Ricciardo,29,6.0
478,Will Stevens,23,0.0
479,Felipe Nasr,22,4.0
480,Felipe Nasr,23,0.0
481,Carlos Sainz,20,0.0
482,Carlos Sainz,21,2.0
483,Carlos Sainz,22,6.0
484,Carlos Sainz,23,2.0
485,Carlos Sainz,24,0.0
486,Max Verstappen,17,0.0
487,Max Verstappen,18,4.0
488,Max Verstappen,19,15.0
489,Max Verstappen,20,10.0
490,Max Verstappen,21,12.0
491,Roberto Merhi,24,0.0
492,Jolyon Palmer,25,0.0
493,Jolyon Palmer,26,0.0
494,Pascal Wehrlein,21,0.0
495,Rio Haryanto,23,0.0
496,Stoffel Vandoorne,25,0.0
497,Stoffel Vandoorne,26,0.0
498,Esteban Ocon,20,1.0
499,Esteban Ocon,21,0.0
500,Antonio Giovinazzi,23,0.0
501,Antonio Giovinazzi,25,0.0
502,Lance Stroll,18,0.0
503,Lance Stroll,19,0.0
504,Lance Stroll,20,0.0
505,Pierre Gasly,22,0.0
506,Pierre Gasly,23,9.0
507,Brendon Hartley,28,0.0
508,Charles Leclerc,20,0.0
509,Charles Leclerc,21,10.0
510,Sergey Sirotkin,22,0.0
511,Lando Norris,19,0.0
512,Alexander Albon,23,1.0
513,George Russell,21,0.0
514,Robert Kubica,34,0.0
515,Nico Rosberg,28,18.0
516,Nico Rosberg,29,25.0
517,Nico Rosberg,30,0.0
518,Kevin Magnussen,21,0.0
519,Kevin Magnussen,23,0.0
520,Kevin Magnussen,24,0.0
521,Kevin Magnussen,25,8.0
522,Kevin Magnussen,26,6.0
523,Kevin Magnussen,27,0.0
524,Jenson Button,34,0.0
525,Jenson Button,35,0.0
526,Jenson Button,36,2.0
527,Fernando Alonso,32,8.0
528,Fernando Alonso,33,0.0
529,Fernando Alonso,34,0.0
530,Fernando Alonso,35,0.0
531,Fernando Alonso,36,4.0
532,Fernando Alonso,39,0.0
533,Valtteri Bottas,24,10.0
534,Valtteri Bottas,25,12.0
535,Valtteri Bottas,26,10.0
536,Valtteri Bottas,27,0.0
537,Valtteri Bottas,28,18.0
538,Valtteri Bottas,29,18.0
539,Valtteri Bottas,30,16.0
540,Valtteri Bottas,31,15.0
541,Nico Hülkenberg,26,1.0
542,Nico Hülkenberg,27,0.0
543,Nico Hülkenberg,28,0.0
544,Nico Hülkenberg,29,8.0
545,Nico Hülkenberg,30,0.0
546,Nico Hülkenberg,31,0.0
547,Kimi Räikkönen,34,6.0
548,Kimi Räikkönen,35,10.0
549,Kimi Räikkönen,36,18.0
550,Kimi Räikkönen,37,0.0
551,Kimi Räikkönen,38,0.0
552,Kimi Räikkönen,39,0.0
553,Kimi Räikkönen,40,0.0
554,Kimi Räikkönen,41,0.0
555,Jean-Éric Vergne,24,0.0
556,Daniil Kvyat,20,0.0
557,Daniil Kvyat,21,1.0
558,Daniil Kvyat,22,1.0
559,Daniil Kvyat,23,2.0
560,Daniil Kvyat,25,2.0
561,Daniil Kvyat,26,0.0
562,Sergio Pérez,24,2.0
563,Sergio Pérez,25,0.0
564,Sergio Pérez,26,6.0
565,Sergio Pérez,27,12.0
566,Sergio Pérez,28,2.0
567,Sergio Pérez,29,0.0
568,Sergio Pérez,30,10.0
569,Sergio Pérez,31,10.0
570,Adrian Sutil,31,0.0
571,Esteban Gutiérrez,22,0.0
572,Esteban Gutiérrez,24,0.0
573,Max Chilton,23,0.0
574,Jules Bianchi,24,0.0
575,Romain Grosjean,28,4.0
576,Romain Grosjean,29,4.0
577,Romain Grosjean,30,0.0
578,Romain Grosjean,31,1.0
579,Romain Grosjean,32,0.0
580,Romain Grosjean,33,1.0
581,Romain Grosjean,34,0.0
582,Pastor Maldonado,29,0.0
583,Pastor Maldonado,30,0.0
584,Marcus Ericsson,23,0.0
585,Marcus Ericsson,24,0.0
586,Marcus Ericsson,25,0.0
587,Marcus Ericsson,26,0.0
588,Marcus Ericsson,27,0.0
589,Sebastian Vettel,26,12.0
590,Sebastian Vettel,27,15.0
591,Sebastian Vettel,28,15.0
592,Sebastian Vettel,29,18.0
593,Sebastian Vettel,30,12.0
594,Sebastian Vettel,31,12.0
595,Sebastian Vettel,33,6.0
596,Sebastian Vettel,33,0.0
597,Lewis Hamilton,29,25.0
598,Lewis Hamilton,30,18.0
599,Lewis Hamilton,31,0.0
600,Lewis Hamilton,32,25.0
601,Lewis Hamilton,33,25.0
602,Lewis Hamilton,34,26.0
603,Lewis Hamilton,35,25.0
604,Lewis Hamilton,36,25.0
605,Felipe Massa,33,0.0
606,Felipe Massa,34,8.0
607,Felipe Massa,35,4.0
608,Felipe Massa,36,0.0
609,Kamui Kobayashi,27,0.0
610,Daniel Ricciardo,24,15.0
611,Daniel Ricciardo,25,6.0
612,Daniel Ricciardo,26,12.0
613,Daniel Ricciardo,27,15.0
614,Daniel Ricciardo,28,10.0
615,Daniel Ricciardo,29,0.0
616,Daniel Ricciardo,31,0.0
617,Daniel Ricciardo,31,8.0
618,Will Stevens,23,0.0
619,Felipe Nasr,22,0.0
620,Felipe Nasr,23,0.0
621,Carlos Sainz,20,2.0
622,Carlos Sainz,21,8.0
623,Carlos Sainz,22,6.0
624,Carlos Sainz,23,6.0
625,Carlos Sainz,24,4.0
626,Carlos Sainz,25,8.0
627,Carlos Sainz,26,6.0
628,Max Verstappen,17,0.0
629,Max Verstappen,18,25.0
630,Max Verstappen,19,0.0
631,Max Verstappen,20,15.0
632,Max Verstappen,21,15.0
633,Max Verstappen,22,18.0
634,Max Verstappen,23,19.0
635,Roberto Merhi,24,0.0
636,Jolyon Palmer,25,0.0
637,Jolyon Palmer,26,0.0
638,Pascal Wehrlein,21,0.0
639,Pascal Wehrlein,22,4.0
640,Rio Haryanto,23,0.0
641,Stoffel Vandoorne,25,0.0
642,Stoffel Vandoorne,26,0.0
643,Esteban Ocon,20,10.0
644,Esteban Ocon,21,0.0
645,Esteban Ocon,23,0.0
646,Esteban Ocon,24,2.0
647,Antonio Giovinazzi,25,0.0
648,Antonio Giovinazzi,26,0.0
649,Antonio Giovinazzi,27,0.0
650,Lance Stroll,18,0.0
651,Lance Stroll,19,0.0
652,Lance Stroll,20,0.0
653,Lance Stroll,21,12.0
654,Lance Stroll,22,0.0
655,Pierre Gasly,22,0.0
656,Pierre Gasly,23,8.0
657,Pierre Gasly,24,2.0
658,Pierre Gasly,25,1.0
659,Brendon Hartley,28,0.0
660,Charles Leclerc,20,1.0
661,Charles Leclerc,21,10.0
662,Charles Leclerc,22,0.0
663,Charles Leclerc,23,12.0
664,Sergey Sirotkin,22,0.0
665,Lando Norris,19,0.0
666,Lando Norris,20,1.0
667,Lando Norris,21,4.0
668,Alexander Albon,23,0.0
669,Alexander Albon,24,4.0
670,George Russell,21,0.0
671,George Russell,22,0.0
672,George Russell,23,0.0
673,Robert Kubica,34,0.0
674,Nicholas Latifi,25,0.0
675,Nicholas Latifi,25,0.0
676,Yuki Tsunoda,21,0.0
677,Mick Schumacher,22,0.0
678,Nikita Mazepin,22,0.0
679,Nico Rosberg,28,25.0
680,Nico Rosberg,29,25.0
681,Nico Rosberg,30,6.0
682,Kevin Magnussen,21,1.0
683,Kevin Magnussen,23,0.0
684,Kevin Magnussen,24,1.0
685,Kevin Magnussen,25,0.0
686,Kevin Magnussen,26,0.0
687,Jenson Button,34,8.0
688,Jenson Button,35,4.0
689,Jenson Button,36,2.0
690,Jenson Button,37,0.0
691,Fernando Alonso,32,12.0
692,Fernando Alonso,33,0.0
693,Fernando Alonso,34,10.0
694,Fernando Alonso,36,0.0
695,Fernando Alonso,39,0.0
696,Valtteri Bottas,24,0.0
697,Valtteri Bottas,25,0.0
698,Valtteri Bottas,26,0.0
699,Valtteri Bottas,27,12.0
700,Valtteri Bottas,28,10.0
701,Valtteri Bottas,29,15.0
702,Valtteri Bottas,31,0.0
703,Nico Hülkenberg,26,10.0
704,Nico Hülkenberg,27,0.0
705,Nico Hülkenberg,28,8.0
706,Nico Hülkenberg,29,0.0
707,Nico Hülkenberg,30,4.0
708,Nico Hülkenberg,31,0.0
709,Kimi Räikkönen,34,0.0
710,Kimi Räikkönen,35,8.0
711,Kimi Räikkönen,36,0.0
712,Kimi Räikkönen,37,18.0
713,Kimi Räikkönen,38,12.0
714,Kimi Räikkönen,39,0.0
715,Kimi Räikkönen,41,0.0
716,Jean-Éric Vergne,24,0.0
717,Daniil Kvyat,20,0.0
718,Daniil Kvyat,21,12.0
719,Daniil Kvyat,22,0.0
720,Daniil Kvyat,23,0.0
721,Daniil Kvyat,25,6.0
722,Sergio Pérez,24,0.0
723,Sergio Pérez,25,6.0
724,Sergio Pérez,26,15.0
725,Sergio Pérez,27,0.0
726,Sergio Pérez,28,0.0
727,Sergio Pérez,29,0.0
728,Sergio Pérez,31,12.0
729,Adrian Sutil,31,0.0
730,Esteban Gutiérrez,22,0.0
731,Esteban Gutiérrez,24,0.0
732,Max Chilton,23,0.0
733,Jules Bianchi,24,2.0
734,Romain Grosjean,28,4.0
735,Romain Grosjean,29,0.0
736,Romain Grosjean,30,0.0
737,Romain Grosjean,31,4.0
738,Romain Grosjean,32,0.0
739,Romain Grosjean,33,1.0
740,Pastor Maldonado,29,0.0
741,Pastor Maldonado,30,0.0
742,Marcus Ericsson,23,0.0
743,Marcus Ericsson,24,0.0
744,Marcus Ericsson,25,0.0
745,Marcus Ericsson,26,0.0
746,Marcus Ericsson,27,0.0
747,Sebastian Vettel,26,0.0
748,Sebastian Vettel,27,18.0
749,Sebastian Vettel,28,12.0
750,Sebastian Vettel,29,25.0
751,Sebastian Vettel,30,18.0
752,Sebastian Vettel,31,18.0
753,Sebastian Vettel,33,10.0
754,Lewis Hamilton,29,18.0
755,Lewis Hamilton,30,15.0
756,Lewis Hamilton,31,25.0
757,Lewis Hamilton,32,6.0
758,Lewis Hamilton,33,15.0
759,Lewis Hamilton,34,25.0
760,Lewis Hamilton,36,7.0
761,Felipe Massa,33,6.0
762,Felipe Massa,34,0.0
763,Felipe Massa,35,1.0
764,Felipe Massa,36,2.0
765,Kamui Kobayashi,27,0.0
766,Daniel Ricciardo,24,15.0
767,Daniel Ricciardo,25,10.0
768,Daniel Ricciardo,26,18.0
769,Daniel Ricciardo,27,15.0
770,Daniel Ricciardo,28,25.0
771,Daniel Ricciardo,29,2.0
772,Daniel Ricciardo,31,0.0
773,Will Stevens,23,0.0
774,Felipe Nasr,22,2.0
775,Felipe Nasr,23,0.0
776,Carlos Sainz,20,1.0
777,Carlos Sainz,21,4.0
778,Carlos Sainz,22,8.0
779,Carlos Sainz,23,1.0
780,Carlos Sainz,24,8.0
781,Carlos Sainz,26,18.0
782,Max Verstappen,17,0.0
783,Max Verstappen,18,0.0
784,Max Verstappen,19,10.0
785,Max Verstappen,20,2.0
786,Max Verstappen,21,12.0
787,Max Verstappen,23,25.0
788,Roberto Merhi,24,0.0
789,Jolyon Palmer,25,0.0
790,Jolyon Palmer,26,0.0
791,Pascal Wehrlein,21,0.0
792,Pascal Wehrlein,22,0.0
793,Rio Haryanto,23,0.0
794,Stoffel Vandoorne,25,0.0
795,Stoffel Vandoorne,26,0.0
796,Esteban Ocon,20,0.0
797,Esteban Ocon,21,8.0
798,Esteban Ocon,24,2.0
799,Antonio Giovinazzi,25,0.0
800,Antonio Giovinazzi,27,1.0
801,Lance Stroll,18,0.0
802,Lance Stroll,19,0.0
803,Lance Stroll,20,0.0
804,Lance Stroll,22,4.0
805,Pierre Gasly,22,6.0
806,Pierre Gasly,23,11.0
807,Pierre Gasly,25,8.0
808,Brendon Hartley,28,0.0
809,Charles Leclerc,20,0.0
810,Charles Leclerc,21,0.0
811,Charles Leclerc,23,0.0
812,Sergey Sirotkin,22,0.0
813,Lando Norris,19,0.0
814,Lando Norris,21,15.0
815,Alexander Albon,23,4.0
816,George Russell,21,0.0
817,George Russell,23,0.0
818,Robert Kubica,34,0.0
819,Nicholas Latifi,25,0.0
820,Yuki Tsunoda,21,0.0
821,Mick Schumacher,22,0.0
822,Nikita Mazepin,22,0.0
823,Nico Rosberg,28,18.0
824,Nico Rosberg,29,18.0
825,Nico Rosberg,30,10.0
826,Kevin Magnussen,21,2.0
827,Kevin Magnussen,23,0.0
828,Kevin Magnussen,24,0.0
829,Kevin Magnussen,25,0.0
830,Kevin Magnussen,26,0.0
831,Jenson Button,34,12.0
832,Jenson Button,35,0.0
833,Jenson Button,36,0.0
834,Fernando Alonso,32,8.0
835,Fernando Alonso,33,0.0
836,Fernando Alonso,34,0.0
837,Fernando Alonso,35,0.0
838,Fernando Alonso,36,0.0
839,Valtteri Bottas,24,6.0
840,Valtteri Bottas,25,15.0
841,Valtteri Bottas,26,15.0
842,Valtteri Bottas,27,18.0
843,Valtteri Bottas,28,18.0
844,Valtteri Bottas,29,13.0
845,Nico Hülkenberg,26,10.0
846,Nico Hülkenberg,27,4.0
847,Nico Hülkenberg,28,4.0
848,Nico Hülkenberg,29,4.0
849,Nico Hülkenberg,30,6.0
850,Nico Hülkenberg,31,6.0
851,Kimi Räikkönen,34,1.0
852,Kimi Räikkönen,35,12.0
853,Kimi Räikkönen,36,8.0
854,Kimi Räikkönen,37,6.0
855,Kimi Räikkönen,38,8.0
856,Kimi Räikkönen,39,0.0
857,Jean-Éric Vergne,24,4.0
858,Daniil Kvyat,20,0.0
859,Daniil Kvyat,21,2.0
860,Daniil Kvyat,22,0.0
861,Daniil Kvyat,23,0.0
862,Daniil Kvyat,25,1.0
863,Sergio Pérez,24,0.0
864,Sergio Pérez,25,0.0
865,Sergio Pérez,26,1.0
866,Sergio Pérez,27,10.0
867,Sergio Pérez,28,0.0
868,Sergio Pérez,29,0.0
869,Adrian Sutil,31,0.0
870,Esteban Gutiérrez,22,0.0
871,Esteban Gutiérrez,24,0.0
872,Max Chilton,23,0.0
873,Jules Bianchi,24,0.0
874,Romain Grosjean,28,0.0
875,Romain Grosjean,29,1.0
876,Romain Grosjean,30,0.0
877,Romain Grosjean,31,1.0
878,Romain Grosjean,32,0.0
879,Romain Grosjean,33,0.0
880,Pastor Maldonado,29,0.0
881,Pastor Maldonado,30,6.0
882,Marcus Ericsson,23,0.0
883,Marcus Ericsson,24,0.0
884,Marcus Ericsson,25,0.0
885,Marcus Ericsson,26,0.0
886,Marcus Ericsson,27,0.0
887,Sebastian Vettel,26,15.0
888,Sebastian Vettel,27,10.0
889,Sebastian Vettel,28,18.0
890,Sebastian Vettel,29,12.0
891,Sebastian Vettel,30,25.0
892,Sebastian Vettel,31,18.0
893,Lewis Hamilton,29,0.0
894,Lewis Hamilton,30,25.0
895,Lewis Hamilton,31,25.0
896,Lewis Hamilton,32,25.0
897,Lewis Hamilton,33,10.0
898,Lewis Hamilton,34,25.0
899,Felipe Massa,33,0.0
900,Felipe Massa,34,8.0
901,Felipe Massa,35,0.0
902,Felipe Massa,36,0.0
903,Kamui Kobayashi,27,0.0
904,Daniel Ricciardo,24,25.0
905,Daniel Ricciardo,25,0.0
906,Daniel Ricciardo,26,6.0
907,Daniel Ricciardo,27,15.0
908,Daniel Ricciardo,28,12.0
909,Daniel Ricciardo,29,8.0
910,Will Stevens,23,0.0
911,Felipe Nasr,22,0.0
912,Felipe Nasr,23,0.0
913,Carlos Sainz,20,0.0
914,Carlos Sainz,21,2.0
915,Carlos Sainz,22,0.0
916,Carlos Sainz,23,4.0
917,Carlos Sainz,24,0.0
918,Max Verstappen,17,0.0
919,Max Verstappen,18,12.0
920,Max Verstappen,19,0.0
921,Max Verstappen,20,15.0
922,Max Verstappen,21,10.0
923,Roberto Merhi,24,0.0
924,Jolyon Palmer,25,0.0
925,Jolyon Palmer,26,0.0
926,Pascal Wehrlein,21,0.0
927,Pascal Wehrlein,22,0.0
928,Rio Haryanto,23,0.0
929,Stoffel Vandoorne,25,0.0
930,Stoffel Vandoorne,26,0.0
931,Esteban Ocon,20,8.0
932,Esteban Ocon,21,2.0
933,Antonio Giovinazzi,25,0.0
934,Lance Stroll,18,2.0
935,Lance Stroll,19,0.0
936,Lance Stroll,20,2.0
937,Pierre Gasly,22,0.0
938,Pierre Gasly,23,4.0
939,Brendon Hartley,28,0.0
940,Charles Leclerc,20,1.0
941,Charles Leclerc,21,15.0
942,Sergey Sirotkin,22,0.0
943,Lando Norris,19,0.0
944,Alexander Albon,23,0.0
945,George Russell,21,0.0
946,Robert Kubica,34,0.0
947,Nico Rosberg,29,25.0
948,Nico Rosberg,30,25.0
949,Nico Rosberg,31,12.0
950,Kevin Magnussen,21,6.0
951,Kevin Magnussen,23,0.0
952,Kevin Magnussen,24,0.0
953,Kevin Magnussen,25,10.0
954,Kevin Magnussen,26,0.0
955,Kevin Magnussen,27,0.0
956,Kevin Magnussen,27,0.0
957,Jenson Button,34,0.0
958,Jenson Button,35,0.0
959,Jenson Button,36,8.0
960,Fernando Alonso,32,10.0
961,Fernando Alonso,33,0.0
962,Fernando Alonso,34,0.0
963,Fernando Alonso,35,0.0
964,Fernando Alonso,36,4.0
965,Fernando Alonso,39,2.0
966,Fernando Alonso,39,1.0
967,Valtteri Bottas,24,15.0
968,Valtteri Bottas,25,10.0
969,Valtteri Bottas,26,2.0
970,Valtteri Bottas,27,25.0
971,Valtteri Bottas,28,0.0
972,Valtteri Bottas,29,15.0
973,Valtteri Bottas,30,25.0
974,Valtteri Bottas,30,18.0
975,Valtteri Bottas,31,15.0
976,Valtteri Bottas,31,18.0
977,Nico Hülkenberg,26,2.0
978,Nico Hülkenberg,27,8.0
979,Nico Hülkenberg,28,0.0
980,Nico Hülkenberg,29,0.0
981,Nico Hülkenberg,30,0.0
982,Nico Hülkenberg,31,0.0
983,Kimi Räikkönen,34,1.0
984,Kimi Räikkönen,35,0.0
985,Kimi Räikkönen,36,15.0
986,Kimi Räikkönen,37,10.0
987,Kimi Räikkönen,38,18.0
988,Kimi Räikkönen,39,2.0
989,Kimi Räikkönen,40,0.0
990,Kimi Räikkönen,40,0.0
991,Kimi Räikkönen,41,0.0
992,Kimi Räikkönen,41,0.0
993,Jean-Éric Vergne,24,0.0
994,Daniil Kvyat,20,0.0
995,Daniil Kvyat,21,0.0
996,Daniil Kvyat,22,0.0
997,Daniil Kvyat,23,0.0
998,Daniil Kvyat,25,0.0
999,Daniil Kvyat,26,0.0
1000,Daniil Kvyat,26,1.0
1001,Sergio Pérez,24,8.0
1002,Sergio Pérez,25,2.0
1003,Sergio Pérez,26,0.0
1004,Sergio Pérez,27,6.0
1005,Sergio Pérez,28,6.0
1006,Sergio Pérez,29,0.0
1007,Sergio Pérez,30,8.0
1008,Sergio Pérez,30,8.0
1009,Sergio Pérez,31,12.0
1010,Sergio Pérez,31,8.0
1011,Adrian Sutil,31,0.0
1012,Esteban Gutiérrez,22,0.0
1013,Esteban Gutiérrez,24,0.0
1014,Max Chilton,23,0.0
1015,Jules Bianchi,24,0.0
1016,Romain Grosjean,28,0.0
1017,Romain Grosjean,29,0.0
1018,Romain Grosjean,30,6.0
1019,Romain Grosjean,31,8.0
1020,Romain Grosjean,32,12.0
1021,Romain Grosjean,33,0.0
1022,Romain Grosjean,34,0.0
1023,Romain Grosjean,34,0.0
1024,Pastor Maldonado,29,0.0
1025,Pastor Maldonado,30,6.0
1026,Marcus Ericsson,23,0.0
1027,Marcus Ericsson,24,0.0
1028,Marcus Ericsson,25,0.0
1029,Marcus Ericsson,26,0.0
1030,Marcus Ericsson,27,1.0
1031,Sebastian Vettel,26,0.0
1032,Sebastian Vettel,27,12.0
1033,Sebastian Vettel,29,0.0
1034,Sebastian Vettel,30,18.0
1035,Sebastian Vettel,31,15.0
1036,Sebastian Vettel,32,12.0
1037,Sebastian Vettel,33,1.0
1038,Sebastian Vettel,33,0.0
1039,Sebastian Vettel,34,0.0
1040,Sebastian Vettel,34,0.0
1041,Lewis Hamilton,29,18.0
1042,Lewis Hamilton,30,18.0
1043,Lewis Hamilton,31,25.0
1044,Lewis Hamilton,32,12.0
1045,Lewis Hamilton,33,0.0
1046,Lewis Hamilton,34,10.0
1047,Lewis Hamilton,35,12.0
1048,Lewis Hamilton,35,25.0
1049,Lewis Hamilton,36,19.0
1050,Lewis Hamilton,36,12.0
1051,Felipe Massa,33,12.0
1052,Felipe Massa,34,15.0
1053,Felipe Massa,35,0.0
1054,Felipe Massa,36,2.0
1055,Kamui Kobayashi,27,0.0
1056,Daniel Ricciardo,24,4.0
1057,Daniel Ricciardo,25,1.0
1058,Daniel Ricciardo,27,10.0
1059,Daniel Ricciardo,28,15.0
1060,Daniel Ricciardo,29,0.0
1061,Daniel Ricciardo,30,0.0
1062,Daniel Ricciardo,31,0.0
1063,Daniel Ricciardo,31,4.0
1064,Daniel Ricciardo,32,0.0
1065,Daniel Ricciardo,32,6.0
1066,Will Stevens,23,0.0
1067,Felipe Nasr,22,0.0
1068,Felipe Nasr,23,0.0
1069,Carlos Sainz,20,0.0
1070,Carlos Sainz,21,4.0
1071,Carlos Sainz,22,0.0
1072,Carlos Sainz,23,0.0
1073,Carlos Sainz,24,4.0
1074,Carlos Sainz,25,10.0
1075,Carlos Sainz,25,3.0
1076,Carlos Sainz,26,8.0
1077,Carlos Sainz,26,10.0
1078,Max Verstappen,17,4.0
1079,Max Verstappen,18,18.0
1080,Max Verstappen,19,0.0
1081,Max Verstappen,20,25.0
1082,Max Verstappen,21,26.0
1083,Max Verstappen,22,0.0
1084,Max Verstappen,22,15.0
1085,Max Verstappen,23,25.0
1086,Max Verstappen,23,26.0
1087,Roberto Merhi,24,0.0
1088,Jolyon Palmer,25,0.0
1089,Jolyon Palmer,26,0.0
1090,Pascal Wehrlein,21,1.0
1091,Pascal Wehrlein,22,0.0
1092,Rio Haryanto,23,0.0
1093,Stoffel Vandoorne,25,0.0
1094,Stoffel Vandoorne,26,0.0
1095,Esteban Ocon,20,4.0
1096,Esteban Ocon,21,8.0
1097,Esteban Ocon,23,4.0
1098,Esteban Ocon,23,0.0
1099,Esteban Ocon,24,0.0
1100,Esteban Ocon,24,0.0
1101,Antonio Giovinazzi,25,1.0
1102,Antonio Giovinazzi,26,2.0
1103,Antonio Giovinazzi,26,0.0
1104,Antonio Giovinazzi,27,0.0
1105,Antonio Giovinazzi,27,0.0
1106,Lance Stroll,18,1.0
1107,Lance Stroll,19,0.0
1108,Lance Stroll,20,0.0
1109,Lance Stroll,21,0.0
1110,Lance Stroll,21,6.0
1111,Lance Stroll,22,4.0
1112,Lance Stroll,22,0.0
1113,Pierre Gasly,22,0.0
1114,Pierre Gasly,23,6.0
1115,Pierre Gasly,24,6.0
1116,Pierre Gasly,24,0.0
1117,Pierre Gasly,25,0.0
1118,Pierre Gasly,25,2.0
1119,Brendon Hartley,28,0.0
1120,Charles Leclerc,20,2.0
1121,Charles Leclerc,21,18.0
1122,Charles Leclerc,22,18.0
1123,Charles Leclerc,22,0.0
1124,Charles Leclerc,23,6.0
1125,Charles Leclerc,23,4.0
1126,Sergey Sirotkin,22,0.0
1127,Lando Norris,19,8.0
1128,Lando Norris,20,16.0
1129,Lando Norris,20,10.0
1130,Lando Norris,21,10.0
1131,Lando Norris,21,15.0
1132,Alexander Albon,23,0.0
1133,Alexander Albon,24,0.0
1134,Alexander Albon,24,12.0
1135,George Russell,21,0.0
1136,George Russell,22,0.0
1137,George Russell,22,0.0
1138,George Russell,23,0.0
1139,George Russell,23,0.0
1140,Robert Kubica,34,0.0
1141,Nicholas Latifi,25,0.0
1142,Nicholas Latifi,25,0.0
1143,Nicholas Latifi,26,0.0
1144,Nicholas Latifi,26,0.0
1145,Yuki Tsunoda,21,1.0
1146,Yuki Tsunoda,21,0.0
1147,Mick Schumacher,22,0.0
1148,Mick Schumacher,22,0.0
1149,Nikita Mazepin,22,0.0
1150,Nikita Mazepin,22,0.0
1151,Nico Rosberg,29,0.0
1152,Nico Rosberg,30,18.0
1153,Nico Rosberg,31,15.0
1154,Kevin Magnussen,21,6.0
1155,Kevin Magnussen,23,0.0
1156,Kevin Magnussen,24,0.0
1157,Kevin Magnussen,25,2.0
1158,Kevin Magnussen,26,0.0
1159,Kevin Magnussen,27,0.0
1160,Kevin Magnussen,27,0.0
1161,Jenson Button,34,12.0
1162,Jenson Button,35,0.0
1163,Jenson Button,36,0.0
1164,Fernando Alonso,32,8.0
1165,Fernando Alonso,33,1.0
1166,Fernando Alonso,34,0.0
1167,Fernando Alonso,35,0.0
1168,Fernando Alonso,36,4.0
1169,Fernando Alonso,39,6.0
1170,Valtteri Bottas,24,18.0
1171,Valtteri Bottas,25,10.0
1172,Valtteri Bottas,26,0.0
1173,Valtteri Bottas,27,18.0
1174,Valtteri Bottas,28,12.0
1175,Valtteri Bottas,29,18.0
1176,Valtteri Bottas,30,0.0
1177,Valtteri Bottas,30,15.0
1178,Valtteri Bottas,31,16.0
1179,Nico Hülkenberg,26,4.0
1180,Nico Hülkenberg,27,6.0
1181,Nico Hülkenberg,28,6.0
1182,Nico Hülkenberg,29,8.0
1183,Nico Hülkenberg,30,8.0
1184,Nico Hülkenberg,31,1.0
1185,Nico Hülkenberg,32,0.0
1186,Nico Hülkenberg,32,6.0
1187,Kimi Räikkönen,34,0.0
1188,Kimi Räikkönen,35,4.0
1189,Kimi Räikkönen,36,10.0
1190,Kimi Räikkönen,37,15.0
1191,Kimi Räikkönen,38,15.0
1192,Kimi Räikkönen,39,4.0
1193,Kimi Räikkönen,40,0.0
1194,Kimi Räikkönen,40,0.0
1195,Kimi Räikkönen,41,0.0
1196,Jean-Éric Vergne,24,1.0
1197,Daniil Kvyat,20,2.0
1198,Daniil Kvyat,21,8.0
1199,Daniil Kvyat,22,1.0
1200,Daniil Kvyat,23,0.0
1201,Daniil Kvyat,25,2.0
1202,Daniil Kvyat,26,0.0
1203,Daniil Kvyat,26,1.0
1204,Sergio Pérez,24,0.0
1205,Sergio Pérez,25,2.0
1206,Sergio Pérez,26,8.0
1207,Sergio Pérez,27,2.0
1208,Sergio Pérez,28,1.0
1209,Sergio Pérez,29,0.0
1210,Sergio Pérez,31,0.0
1211,Adrian Sutil,31,0.0
1212,Esteban Gutiérrez,22,0.0
1213,Esteban Gutiérrez,24,0.0
1214,Max Chilton,23,0.0
1215,Jules Bianchi,24,0.0
1216,Romain Grosjean,28,0.0
1217,Romain Grosjean,29,0.0
1218,Romain Grosjean,30,0.0
1219,Romain Grosjean,31,0.0
1220,Romain Grosjean,32,0.0
1221,Romain Grosjean,33,0.0
1222,Romain Grosjean,34,0.0
1223,Romain Grosjean,34,0.0
1224,Pastor Maldonado,29,0.0
1225,Pastor Maldonado,30,0.0
1226,Marcus Ericsson,23,0.0
1227,Marcus Ericsson,24,0.0
1228,Marcus Ericsson,25,0.0
1229,Marcus Ericsson,26,0.0
1230,Marcus Ericsson,27,0.0
1231,Sebastian Vettel,27,10.0
1232,Sebastian Vettel,28,15.0
1233,Sebastian Vettel,29,2.0
1234,Sebastian Vettel,30,6.0
1235,Sebastian Vettel,31,25.0
1236,Sebastian Vettel,32,0.0
1237,Sebastian Vettel,33,1.0
1238,Sebastian Vettel,33,0.0
1239,Sebastian Vettel,34,0.0
1240,Lewis Hamilton,29,25.0
1241,Lewis Hamilton,30,25.0
1242,Lewis Hamilton,31,25.0
1243,Lewis Hamilton,32,25.0
1244,Lewis Hamilton,33,18.0
1245,Lewis Hamilton,34,26.0
1246,Lewis Hamilton,35,25.0
1247,Lewis Hamilton,35,19.0
1248,Lewis Hamilton,36,27.0
1249,Felipe Massa,33,0.0
1250,Felipe Massa,34,12.0
1251,Felipe Massa,35,0.0
1252,Felipe Massa,36,1.0
1253,Kamui Kobayashi,27,0.0
1254,Daniel Ricciardo,25,15.0
1255,Daniel Ricciardo,26,0.0
1256,Daniel Ricciardo,27,12.0
1257,Daniel Ricciardo,28,10.0
1258,Daniel Ricciardo,29,10.0
1259,Daniel Ricciardo,30,6.0
1260,Daniel Ricciardo,31,12.0
1261,Daniel Ricciardo,31,0.0
1262,Daniel Ricciardo,32,10.0
1263,Will Stevens,24,0.0
1264,Felipe Nasr,22,0.0
1265,Felipe Nasr,23,0.0
1266,Carlos Sainz,20,0.0
1267,Carlos Sainz,21,4.0
1268,Carlos Sainz,22,0.0
1269,Carlos Sainz,23,0.0
1270,Carlos Sainz,24,8.0
1271,Carlos Sainz,25,0.0
1272,Carlos Sainz,25,0.0
1273,Carlos Sainz,26,8.0
1274,Max Verstappen,17,0.0
1275,Max Verstappen,18,18.0
1276,Max Verstappen,19,12.0
1277,Max Verstappen,20,0.0
1278,Max Verstappen,21,10.0
1279,Max Verstappen,22,19.0
1280,Max Verstappen,22,25.0
1281,Max Verstappen,23,3.0
1282,Roberto Merhi,24,0.0
1283,Jolyon Palmer,25,0.0
1284,Jolyon Palmer,26,0.0
1285,Pascal Wehrlein,21,0.0
1286,Pascal Wehrlein,22,0.0
1287,Rio Haryanto,23,0.0
1288,Stoffel Vandoorne,25,0.0
1289,Stoffel Vandoorne,26,0.0
1290,Esteban Ocon,20,4.0
1291,Esteban Ocon,21,6.0
1292,Esteban Ocon,23,8.0
1293,Esteban Ocon,23,4.0
1294,Esteban Ocon,24,2.0
1295,Antonio Giovinazzi,25,0.0
1296,Antonio Giovinazzi,26,0.0
1297,Antonio Giovinazzi,26,0.0
1298,Antonio Giovinazzi,27,0.0
1299,Lance Stroll,18,0.0
1300,Lance Stroll,19,0.0
1301,Lance Stroll,20,0.0
1302,Lance Stroll,21,2.0
1303,Lance Stroll,21,8.0
1304,Lance Stroll,22,4.0
1305,Pierre Gasly,22,0.0
1306,Pierre Gasly,23,12.0
1307,Pierre Gasly,24,6.0
1308,Pierre Gasly,24,0.0
1309,Pierre Gasly,25,0.0
1310,Brendon Hartley,28,0.0
1311,Charles Leclerc,20,0.0
1312,Charles Leclerc,21,15.0
1313,Charles Leclerc,22,15.0
1314,Charles Leclerc,22,12.0
1315,Charles Leclerc,23,18.0
1316,Sergey Sirotkin,22,0.0
1317,Lando Norris,19,0.0
1318,Lando Norris,20,10.0
1319,Lando Norris,20,2.0
1320,Lando Norris,21,12.0
1321,Alexander Albon,23,0.0
1322,Alexander Albon,24,4.0
1323,Alexander Albon,24,10.0
1324,George Russell,21,0.0
1325,George Russell,22,0.0
1326,George Russell,22,0.0
1327,George Russell,23,0.0
1328,Robert Kubica,34,0.0
1329,Nicholas Latifi,25,0.0
1330,Nicholas Latifi,25,0.0
1331,Nicholas Latifi,26,0.0
1332,Yuki Tsunoda,21,1.0
1333,Mick Schumacher,22,0.0
1334,Nikita Mazepin,22,0.0
1335,Nico Rosberg,29,25.0
1336,Nico Rosberg,31,12.0
1337,Kevin Magnussen,21,2.0
1338,Kevin Magnussen,23,0.0
1339,Kevin Magnussen,25,0.0
1340,Kevin Magnussen,26,4.0
1341,Jenson Button,34,4.0
1342,Jenson Button,36,4.0
1343,Fernando Alonso,32,10.0
1344,Fernando Alonso,35,0.0
1345,Fernando Alonso,37,0.0
1346,Valtteri Bottas,24,18.0
1347,Valtteri Bottas,26,2.0
1348,Valtteri Bottas,28,18.0
1349,Valtteri Bottas,29,0.0
1350,Nico Hülkenberg,26,6.0
1351,Nico Hülkenberg,28,6.0
1352,Nico Hülkenberg,30,10.0
1353,Nico Hülkenberg,31,0.0
1354,Kimi Räikkönen,34,0.0
1355,Kimi Räikkönen,36,8.0
1356,Kimi Räikkönen,38,15.0
1357,Kimi Räikkönen,39,0.0
1358,Jean-Éric Vergne,24,0.0
1359,Daniil Kvyat,20,0.0
1360,Daniil Kvyat,22,0.0
1361,Daniil Kvyat,25,15.0
1362,Sergio Pérez,24,1.0
1363,Sergio Pérez,26,1.0
1364,Sergio Pérez,28,6.0
1365,Sergio Pérez,29,0.0
1366,Adrian Sutil,31,0.0
1367,Esteban Gutiérrez,22,0.0
1368,Esteban Gutiérrez,25,0.0
1369,Max Chilton,23,0.0
1370,Jules Bianchi,24,0.0
1371,Romain Grosjean,28,0.0
1372,Romain Grosjean,30,0.0
1373,Romain Grosjean,32,8.0
1374,Romain Grosjean,33,6.0
1375,Pastor Maldonado,29,0.0
1376,Marcus Ericsson,23,0.0
1377,Marcus Ericsson,25,0.0
1378,Marcus Ericsson,27,2.0
1379,Sebastian Vettel,27,12.0
1380,Sebastian Vettel,29,10.0
1381,Sebastian Vettel,31,0.0
1382,Sebastian Vettel,32,18.0
1383,Lewis Hamilton,29,15.0
1384,Lewis Hamilton,31,25.0
1385,Lewis Hamilton,33,25.0
1386,Lewis Hamilton,34,2.0
1387,Felipe Massa,33,0.0
1388,Felipe Massa,35,0.0
1389,Kamui Kobayashi,27,0.0
1390,Daniel Ricciardo,25,8.0
1391,Daniel Ricciardo,27,18.0
1392,Daniel Ricciardo,29,0.0
1393,Daniel Ricciardo,30,0.0
1394,Felipe Nasr,23,0.0
1395,Carlos Sainz,21,0.0
1396,Carlos Sainz,23,0.0
1397,Carlos Sainz,24,10.0
1398,Max Verstappen,18,15.0
1399,Max Verstappen,20,12.0
1400,Max Verstappen,21,26.0
1401,Jolyon Palmer,25,0.0
1402,Pascal Wehrlein,21,0.0
1403,Rio Haryanto,23,0.0
1404,Stoffel Vandoorne,26,0.0
1405,Esteban Ocon,21,4.0
1406,Antonio Giovinazzi,25,0.0
1407,Lance Stroll,19,0.0
1408,Lance Stroll,20,12.0
1409,Pierre Gasly,22,0.0
1410,Pierre Gasly,23,0.0
1411,Brendon Hartley,28,1.0
1412,Charles Leclerc,20,0.0
1413,Charles Leclerc,21,0.0
1414,Sergey Sirotkin,22,0.0
1415,Lando Norris,19,0.0
1416,Alexander Albon,23,8.0
1417,George Russell,21,0.0
1418,Robert Kubica,34,1.0
1419,Nico Rosberg,29,12.0
1420,Nico Rosberg,30,4.0
1421,Nico Rosberg,31,18.0
1422,Kevin Magnussen,21,0.0
1423,Kevin Magnussen,23,0.0
1424,Kevin Magnussen,24,0.0
1425,Kevin Magnussen,25,6.0
1426,Kevin Magnussen,26,0.0
1427,Kevin Magnussen,27,1.0
1428,Jenson Button,34,1.0
1429,Jenson Button,35,2.0
1430,Jenson Button,36,0.0
1431,Fernando Alonso,33,18.0
1432,Fernando Alonso,34,10.0
1433,Fernando Alonso,35,6.0
1434,Fernando Alonso,36,8.0
1435,Fernando Alonso,37,4.0
1436,Valtteri Bottas,24,4.0
1437,Valtteri Bottas,25,0.0
1438,Valtteri Bottas,26,2.0
1439,Valtteri Bottas,27,15.0
1440,Valtteri Bottas,28,10.0
1441,Valtteri Bottas,29,4.0
1442,Valtteri Bottas,30,15.0
1443,Nico Hülkenberg,26,0.0
1444,Nico Hülkenberg,27,0.0
1445,Nico Hülkenberg,28,1.0
1446,Nico Hülkenberg,29,0.0
1447,Nico Hülkenberg,30,0.0
1448,Nico Hülkenberg,31,0.0
1449,Kimi Räikkönen,34,8.0
1450,Kimi Räikkönen,35,0.0
1451,Kimi Räikkönen,36,8.0
1452,Kimi Räikkönen,37,18.0
1453,Kimi Räikkönen,38,15.0
1454,Kimi Räikkönen,39,6.0
1455,Kimi Räikkönen,40,0.0
1456,Jean-Éric Vergne,24,2.0
1457,Daniil Kvyat,20,0.0
1458,Daniil Kvyat,21,18.0
1459,Daniil Kvyat,22,0.0
1460,Daniil Kvyat,23,0.0
1461,Daniil Kvyat,25,0.0
1462,Daniil Kvyat,26,0.0
1463,Sergio Pérez,24,0.0
1464,Sergio Pérez,25,0.0
1465,Sergio Pérez,26,0.0
1466,Sergio Pérez,27,4.0
1467,Sergio Pérez,28,0.0
1468,Sergio Pérez,29,0.0
1469,Sergio Pérez,30,6.0
1470,Adrian Sutil,31,0.0
1471,Esteban Gutiérrez,22,0.0
1472,Esteban Gutiérrez,24,0.0
1473,Max Chilton,23,0.0
1474,Jules Bianchi,24,0.0
1475,Romain Grosjean,28,0.0
1476,Romain Grosjean,29,6.0
1477,Romain Grosjean,30,0.0
1478,Romain Grosjean,31,0.0
1479,Romain Grosjean,32,1.0
1480,Romain Grosjean,33,0.0
1481,Romain Grosjean,34,0.0
1482,Pastor Maldonado,29,0.0
1483,Pastor Maldonado,30,0.0
1484,Marcus Ericsson,23,0.0
1485,Marcus Ericsson,24,1.0
1486,Marcus Ericsson,25,0.0
1487,Marcus Ericsson,26,0.0
1488,Marcus Ericsson,27,0.0
1489,Sebastian Vettel,27,6.0
1490,Sebastian Vettel,28,25.0
1491,Sebastian Vettel,29,12.0
1492,Sebastian Vettel,30,25.0
1493,Sebastian Vettel,31,18.0
1494,Sebastian Vettel,32,15.0
1495,Sebastian Vettel,33,8.0
1496,Lewis Hamilton,29,15.0
1497,Lewis Hamilton,30,8.0
1498,Lewis Hamilton,31,25.0
1499,Lewis Hamilton,32,12.0
1500,Lewis Hamilton,33,25.0
1501,Lewis Hamilton,34,25.0
1502,Lewis Hamilton,35,26.0
1503,Felipe Massa,33,10.0
1504,Felipe Massa,34,0.0
1505,Felipe Massa,35,0.0
1506,Kamui Kobayashi,27,0.0
1507,Daniel Ricciardo,25,25.0
1508,Daniel Ricciardo,26,15.0
1509,Daniel Ricciardo,27,15.0
1510,Daniel Ricciardo,28,0.0
1511,Daniel Ricciardo,29,12.0
1512,Daniel Ricciardo,30,0.0
1513,Daniel Ricciardo,31,4.0
1514,Will Stevens,24,0.0
1515,Felipe Nasr,22,0.0
1516,Felipe Nasr,23,0.0
1517,Carlos Sainz,20,0.0
1518,Carlos Sainz,21,4.0
1519,Carlos Sainz,22,6.0
1520,Carlos Sainz,23,2.0
1521,Carlos Sainz,24,10.0
1522,Carlos Sainz,25,2.0
1523,Max Verstappen,17,12.0
1524,Max Verstappen,18,10.0
1525,Max Verstappen,19,10.0
1526,Max Verstappen,20,0.0
1527,Max Verstappen,21,19.0
1528,Max Verstappen,22,18.0
1529,Roberto Merhi,24,0.0
1530,Jolyon Palmer,25,0.0
1531,Jolyon Palmer,26,0.0
1532,Pascal Wehrlein,21,0.0
1533,Pascal Wehrlein,22,0.0
1534,Rio Haryanto,23,0.0
1535,Stoffel Vandoorne,25,1.0
1536,Stoffel Vandoorne,26,0.0
1537,Esteban Ocon,20,2.0
1538,Esteban Ocon,21,0.0
1539,Esteban Ocon,23,0.0
1540,Antonio Giovinazzi,25,0.0
1541,Antonio Giovinazzi,26,0.0
1542,Lance Stroll,18,0.0
1543,Lance Stroll,19,0.0
1544,Lance Stroll,20,0.0
1545,Lance Stroll,21,12.0
1546,Paul di Resta,31,0.0
1547,Pierre Gasly,22,8.0
1548,Pierre Gasly,23,8.0
1549,Pierre Gasly,24,0.0
1550,Brendon Hartley,28,0.0
1551,Charles Leclerc,20,0.0
1552,Charles Leclerc,21,12.0
1553,Charles Leclerc,22,0.0
1554,Sergey Sirotkin,22,0.0
1555,Lando Norris,19,2.0
1556,Lando Norris,20,0.0
1557,Alexander Albon,23,1.0
1558,Alexander Albon,24,10.0
1559,George Russell,21,0.0
1560,George Russell,22,0.0
1561,Robert Kubica,34,0.0
1562,Nicholas Latifi,25,0.0
1564,Nico Rosberg,29,18.0
1565,Nico Rosberg,30,18.0
1566,Nico Rosberg,31,25.0
1567,Kevin Magnussen,21,0.0
1568,Kevin Magnussen,23,0.0
1569,Kevin Magnussen,24,0.0
1570,Kevin Magnussen,25,4.0
1571,Kevin Magnussen,26,0.0
1572,Kevin Magnussen,27,0.0
1573,Jenson Button,34,8.0
1574,Jenson Button,35,0.0
1575,Jenson Button,36,0.0
1576,Fernando Alonso,33,6.0
1577,Fernando Alonso,34,0.0
1578,Fernando Alonso,35,6.0
1579,Fernando Alonso,36,0.0
1580,Fernando Alonso,37,0.0
1581,Valtteri Bottas,25,15.0
1582,Valtteri Bottas,26,2.0
1583,Valtteri Bottas,27,4.0
1584,Valtteri Bottas,28,10.0
1585,Valtteri Bottas,29,12.0
1586,Valtteri Bottas,30,15.0
1587,Valtteri Bottas,31,18.0
1588,Nico Hülkenberg,27,1.0
1589,Nico Hülkenberg,28,0.0
1590,Nico Hülkenberg,29,12.0
1591,Nico Hülkenberg,30,8.0
1592,Nico Hülkenberg,31,0.0
1593,Nico Hülkenberg,32,4.0
1594,Kimi Räikkönen,34,12.0
1595,Kimi Räikkönen,35,6.0
1596,Kimi Räikkönen,36,2.0
1597,Kimi Räikkönen,37,12.0
1598,Kimi Räikkönen,38,0.0
1599,Kimi Räikkönen,39,0.0
1600,Kimi Räikkönen,40,0.0
1601,Jean-Éric Vergne,24,0.0
1602,Daniil Kvyat,20,2.0
1603,Daniil Kvyat,21,12.0
1604,Daniil Kvyat,22,0.0
1605,Daniil Kvyat,23,0.0
1606,Daniil Kvyat,25,6.0
1607,Daniil Kvyat,26,0.0
1608,Sergio Pérez,24,4.0
1609,Sergio Pérez,25,10.0
1610,Sergio Pérez,26,10.0
1611,Sergio Pérez,27,0.0
1612,Sergio Pérez,28,10.0
1613,Sergio Pérez,29,8.0
1614,Sergio Pérez,30,1.0
1615,Adrian Sutil,31,0.0
1616,Esteban Gutiérrez,23,0.0
1617,Esteban Gutiérrez,25,0.0
1618,Max Chilton,23,0.0
1619,Jules Bianchi,25,0.0
1620,Romain Grosjean,28,0.0
1621,Romain Grosjean,29,15.0
1622,Romain Grosjean,30,0.0
1623,Romain Grosjean,31,6.0
1624,Romain Grosjean,32,6.0
1625,Romain Grosjean,33,0.0
1626,Romain Grosjean,34,0.0
1627,Pastor Maldonado,29,0.0
1628,Pastor Maldonado,30,0.0
1629,Marcus Ericsson,23,0.0
1630,Marcus Ericsson,24,1.0
1631,Marcus Ericsson,26,0.0
1632,Marcus Ericsson,27,0.0
1633,Marcus Ericsson,28,1.0
1634,Sebastian Vettel,27,10.0
1635,Sebastian Vettel,28,0.0
1636,Sebastian Vettel,29,8.0
1637,Sebastian Vettel,30,18.0
1638,Sebastian Vettel,31,25.0
1639,Sebastian Vettel,32,13.0
1640,Sebastian Vettel,33,0.0
1641,Lewis Hamilton,29,0.0
1642,Lewis Hamilton,30,25.0
1643,Lewis Hamilton,31,15.0
1644,Lewis Hamilton,32,25.0
1645,Lewis Hamilton,33,18.0
1646,Lewis Hamilton,34,18.0
1647,Lewis Hamilton,35,25.0
1648,Felipe Massa,33,0.0
1649,Felipe Massa,34,8.0
1650,Felipe Massa,35,1.0
1651,Felipe Massa,36,4.0
1652,Daniel Ricciardo,25,25.0
1653,Daniel Ricciardo,26,0.0
1654,Daniel Ricciardo,27,18.0
1655,Daniel Ricciardo,28,15.0
1656,Daniel Ricciardo,29,0.0
1657,Daniel Ricciardo,30,0.0
1658,Daniel Ricciardo,31,13.0
1659,André Lotterer,32,0.0
1660,Will Stevens,24,0.0
1662,Felipe Nasr,23,0.0
1663,Felipe Nasr,24,0.0
1664,Carlos Sainz,20,0.0
1665,Carlos Sainz,22,0.0
1666,Carlos Sainz,23,1.0
1667,Carlos Sainz,24,0.0
1668,Carlos Sainz,25,0.0
1669,Carlos Sainz,26,0.0
1670,Max Verstappen,17,4.0
1671,Max Verstappen,18,0.0
1672,Max Verstappen,19,0.0
1673,Max Verstappen,20,15.0
1674,Max Verstappen,21,0.0
1675,Max Verstappen,22,15.0
1676,Roberto Merhi,24,0.0
1678,Jolyon Palmer,25,0.0
1679,Jolyon Palmer,26,0.0
1680,Pascal Wehrlein,21,0.0
1681,Pascal Wehrlein,22,0.0
1682,Stoffel Vandoorne,25,0.0
1683,Stoffel Vandoorne,26,0.0
1684,Esteban Ocon,19,0.0
1685,Esteban Ocon,20,2.0
1686,Esteban Ocon,21,8.0
1687,Esteban Ocon,23,10.0
1688,Antonio Giovinazzi,25,0.0
1689,Antonio Giovinazzi,26,0.0
1690,Lance Stroll,18,0.0
1691,Lance Stroll,19,0.0
1692,Lance Stroll,20,1.0
1693,Lance Stroll,21,2.0
1694,Pierre Gasly,22,2.0
1695,Pierre Gasly,23,2.0
1696,Pierre Gasly,24,4.0
1697,Brendon Hartley,28,0.0
1698,Charles Leclerc,20,0.0
1699,Charles Leclerc,21,25.0
1700,Charles Leclerc,22,0.0
1701,Sergey Sirotkin,23,0.0
1702,Lando Norris,19,0.0
1703,Lando Norris,20,6.0
1704,Alexander Albon,23,10.0
1705,Alexander Albon,24,8.0
1706,George Russell,21,0.0
1707,George Russell,22,0.0
1708,Robert Kubica,34,0.0
1709,Nicholas Latifi,25,0.0
1711,Nico Rosberg,29,18.0
1712,Nico Rosberg,30,0.0
1713,Nico Rosberg,31,25.0
1714,Kevin Magnussen,21,1.0
1715,Kevin Magnussen,23,0.0
1716,Kevin Magnussen,24,0.0
1717,Kevin Magnussen,25,0.0
1718,Kevin Magnussen,26,0.0
1719,Kevin Magnussen,27,0.0
1720,Jenson Button,34,4.0
1721,Jenson Button,35,0.0
1722,Jenson Button,36,0.0
1723,Fernando Alonso,33,0.0
1724,Fernando Alonso,34,0.0
1725,Fernando Alonso,35,0.0
1726,Fernando Alonso,36,0.0
1727,Fernando Alonso,37,0.0
1728,Valtteri Bottas,25,12.0
1729,Valtteri Bottas,26,12.0
1730,Valtteri Bottas,27,8.0
1731,Valtteri Bottas,28,18.0
1732,Valtteri Bottas,29,15.0
1733,Valtteri Bottas,30,18.0
1734,Valtteri Bottas,31,10.0
1735,Nico Hülkenberg,27,0.0
1736,Nico Hülkenberg,28,6.0
1737,Nico Hülkenberg,29,1.0
1738,Nico Hülkenberg,30,0.0
1739,Nico Hülkenberg,31,0.0
1740,Nico Hülkenberg,32,10.0
1741,Kimi Räikkönen,34,2.0
1742,Kimi Räikkönen,35,10.0
1743,Kimi Räikkönen,36,12.0
1744,Kimi Räikkönen,37,10.0
1745,Kimi Räikkönen,38,18.0
1746,Kimi Räikkönen,39,0.0
1747,Kimi Räikkönen,40,0.0
1748,Jean-Éric Vergne,24,0.0
1749,Daniil Kvyat,20,0.0
1750,Daniil Kvyat,21,1.0
1751,Daniil Kvyat,22,0.0
1752,Daniil Kvyat,23,0.0
1753,Daniil Kvyat,25,0.0
1754,Daniil Kvyat,26,2.0
1755,Sergio Pérez,24,6.0
1756,Sergio Pérez,25,8.0
1757,Sergio Pérez,26,4.0
1758,Sergio Pérez,27,2.0
1759,Sergio Pérez,28,6.0
1760,Sergio Pérez,29,6.0
1761,Sergio Pérez,30,1.0
1762,Adrian Sutil,31,0.0
1763,Esteban Gutiérrez,23,0.0
1764,Esteban Gutiérrez,25,0.0
1765,Max Chilton,23,0.0
1766,Jules Bianchi,25,0.0
1767,Romain Grosjean,28,0.0
1768,Romain Grosjean,29,0.0
1769,Romain Grosjean,30,0.0
1770,Romain Grosjean,31,0.0
1771,Romain Grosjean,32,0.0
1772,Romain Grosjean,33,0.0
1773,Romain Grosjean,34,0.0
1774,Pastor Maldonado,29,0.0
1775,Pastor Maldonado,30,0.0
1776,Marcus Ericsson,24,0.0
1777,Marcus Ericsson,25,2.0
1778,Marcus Ericsson,26,0.0
1779,Marcus Ericsson,27,0.0
1780,Marcus Ericsson,28,0.0
1781,Sebastian Vettel,27,8.0
1782,Sebastian Vettel,28,18.0
1783,Sebastian Vettel,29,15.0
1784,Sebastian Vettel,30,15.0
1785,Sebastian Vettel,31,12.0
1786,Sebastian Vettel,32,0.0
1787,Sebastian Vettel,33,0.0
1788,Lewis Hamilton,29,25.0
1789,Lewis Hamilton,30,25.0
1790,Lewis Hamilton,31,18.0
1791,Lewis Hamilton,32,25.0
1792,Lewis Hamilton,33,25.0
1793,Lewis Hamilton,34,16.0
1794,Lewis Hamilton,35,7.0
1795,Felipe Massa,33,15.0
1796,Felipe Massa,34,15.0
1797,Felipe Massa,35,2.0
1798,Felipe Massa,36,4.0
1799,Kamui Kobayashi,28,0.0
1800,Daniel Ricciardo,25,10.0
1801,Daniel Ricciardo,26,4.0
1802,Daniel Ricciardo,27,10.0
1803,Daniel Ricciardo,28,12.0
1804,Daniel Ricciardo,29,0.0
1805,Daniel Ricciardo,30,12.0
1806,Daniel Ricciardo,31,8.0
1807,Will Stevens,24,0.0
1808,Felipe Nasr,23,0.0
1809,Felipe Nasr,24,0.0
1810,Carlos Sainz,21,0.0
1811,Carlos Sainz,22,0.0
1812,Carlos Sainz,23,0.0
1813,Carlos Sainz,24,4.0
1814,Carlos Sainz,25,0.0
1815,Carlos Sainz,26,18.0
1816,Max Verstappen,17,0.0
1817,Max Verstappen,18,6.0
1818,Max Verstappen,19,1.0
1819,Max Verstappen,20,10.0
1820,Max Verstappen,21,4.0
1821,Max Verstappen,22,0.0
1822,Roberto Merhi,24,0.0
1823,Jolyon Palmer,25,0.0
1824,Jolyon Palmer,26,0.0
1825,Pascal Wehrlein,21,0.0
1826,Pascal Wehrlein,22,0.0
1827,Stoffel Vandoorne,25,0.0
1828,Stoffel Vandoorne,26,0.0
1829,Esteban Ocon,19,0.0
1830,Esteban Ocon,20,8.0
1831,Esteban Ocon,21,8.0
1832,Esteban Ocon,23,4.0
1833,Antonio Giovinazzi,25,2.0
1834,Antonio Giovinazzi,26,0.0
1835,Lance Stroll,18,6.0
1836,Lance Stroll,19,2.0
1837,Lance Stroll,20,0.0
1838,Lance Stroll,21,15.0
1839,Pierre Gasly,22,0.0
1840,Pierre Gasly,23,0.0
1841,Pierre Gasly,24,25.0
1842,Brendon Hartley,28,0.0
1843,Charles Leclerc,20,0.0
1844,Charles Leclerc,21,25.0
1845,Charles Leclerc,22,0.0
1846,Sergey Sirotkin,23,1.0
1847,Lando Norris,19,1.0
1848,Lando Norris,20,12.0
1849,Alexander Albon,23,8.0
1850,Alexander Albon,24,0.0
1851,George Russell,21,0.0
1852,George Russell,22,0.0
1853,Robert Kubica,34,0.0
1854,Nicholas Latifi,25,0.0
1856,Nico Rosberg,29,0.0
1857,Nico Rosberg,30,12.0
1858,Nico Rosberg,31,25.0
1859,Kevin Magnussen,21,1.0
1860,Kevin Magnussen,23,1.0
1861,Kevin Magnussen,24,0.0
1862,Kevin Magnussen,25,0.0
1863,Kevin Magnussen,26,0.0
1864,Jenson Button,34,0.0
1865,Jenson Button,35,0.0
1866,Jenson Button,36,0.0
1867,Fernando Alonso,33,12.0
1868,Fernando Alonso,34,0.0
1869,Fernando Alonso,35,6.0
1870,Fernando Alonso,36,0.0
1871,Fernando Alonso,37,6.0
1872,Valtteri Bottas,25,0.0
1873,Valtteri Bottas,26,10.0
1874,Valtteri Bottas,27,0.0
1875,Valtteri Bottas,28,15.0
1876,Valtteri Bottas,29,12.0
1877,Valtteri Bottas,30,10.0
1878,Nico Hülkenberg,27,2.0
1879,Nico Hülkenberg,28,0.0
1880,Nico Hülkenberg,29,0.0
1881,Nico Hülkenberg,30,0.0
1882,Nico Hülkenberg,31,1.0
1883,Nico Hülkenberg,32,2.0
1884,Kimi Räikkönen,34,4.0
1885,Kimi Räikkönen,35,15.0
1886,Kimi Räikkönen,36,12.0
1887,Kimi Räikkönen,37,0.0
1888,Kimi Räikkönen,38,10.0
1889,Kimi Räikkönen,39,0.0
1890,Jean-Éric Vergne,24,8.0
1891,Daniil Kvyat,20,0.0
1892,Daniil Kvyat,21,8.0
1893,Daniil Kvyat,22,2.0
1894,Daniil Kvyat,23,0.0
1895,Daniil Kvyat,25,0.0
1896,Sergio Pérez,24,6.0
1897,Sergio Pérez,25,6.0
1898,Sergio Pérez,26,4.0
1899,Sergio Pérez,27,10.0
1900,Sergio Pérez,28,0.0
1901,Sergio Pérez,29,0.0
1902,Adrian Sutil,31,0.0
1903,Esteban Gutiérrez,23,0.0
1904,Esteban Gutiérrez,25,0.0
1905,Max Chilton,23,0.0
1906,Jules Bianchi,25,0.0
1907,Romain Grosjean,28,0.0
1908,Romain Grosjean,29,0.0
1909,Romain Grosjean,30,0.0
1910,Romain Grosjean,31,2.0
1911,Romain Grosjean,32,0.0
1912,Romain Grosjean,33,0.0
1913,Pastor Maldonado,29,0.0
1914,Pastor Maldonado,30,0.0
1915,Marcus Ericsson,24,0.0
1916,Marcus Ericsson,25,0.0
1917,Marcus Ericsson,26,0.0
1918,Marcus Ericsson,27,0.0
1919,Marcus Ericsson,28,0.0
1920,Sebastian Vettel,27,18.0
1921,Sebastian Vettel,28,25.0
1922,Sebastian Vettel,29,10.0
1923,Sebastian Vettel,30,0.0
1924,Sebastian Vettel,31,15.0
1925,Sebastian Vettel,32,25.0
1926,Lewis Hamilton,29,25.0
1927,Lewis Hamilton,30,0.0
1928,Lewis Hamilton,31,15.0
1929,Lewis Hamilton,32,25.0
1930,Lewis Hamilton,33,25.0
1931,Lewis Hamilton,34,12.0
1932,Felipe Massa,33,10.0
1933,Felipe Massa,34,0.0
1934,Felipe Massa,35,0.0
1935,Felipe Massa,36,0.0
1936,Kamui Kobayashi,28,0.0
1937,Daniel Ricciardo,25,15.0
1938,Daniel Ricciardo,26,18.0
1939,Daniel Ricciardo,27,18.0
1940,Daniel Ricciardo,28,18.0
1941,Daniel Ricciardo,29,8.0
1942,Daniel Ricciardo,30,0.0
1943,Will Stevens,24,0.0
1944,Felipe Nasr,23,1.0
1945,Felipe Nasr,24,0.0
1946,Carlos Sainz,21,2.0
1947,Carlos Sainz,22,0.0
1948,Carlos Sainz,23,12.0
1949,Carlos Sainz,24,4.0
1950,Carlos Sainz,25,0.0
1951,Max Verstappen,17,4.0
1952,Max Verstappen,18,8.0
1953,Max Verstappen,19,0.0
1954,Max Verstappen,20,18.0
1955,Max Verstappen,21,15.0
1956,Alexander Rossi,24,0.0
1957,Jolyon Palmer,25,0.0
1958,Jolyon Palmer,26,8.0
1959,Pascal Wehrlein,21,0.0
1960,Pascal Wehrlein,22,0.0
1961,Stoffel Vandoorne,25,6.0
1962,Stoffel Vandoorne,26,0.0
1963,Esteban Ocon,20,0.0
1964,Esteban Ocon,21,1.0
1965,Esteban Ocon,22,0.0
1966,Antonio Giovinazzi,25,1.0
1967,Lance Stroll,18,4.0
1968,Lance Stroll,19,0.0
1969,Lance Stroll,20,0.0
1970,Pierre Gasly,22,0.0
1971,Pierre Gasly,23,4.0
1972,Brendon Hartley,28,0.0
1973,Charles Leclerc,20,2.0
1974,Charles Leclerc,21,18.0
1975,Sergey Sirotkin,23,0.0
1976,Lando Norris,19,6.0
1977,Alexander Albon,23,8.0
1978,George Russell,21,0.0
1979,Robert Kubica,34,0.0
1980,Nico Rosberg,29,18.0
1981,Nico Rosberg,30,18.0
1982,Nico Rosberg,31,25.0
1983,Kevin Magnussen,22,0.0
1984,Kevin Magnussen,24,0.0
1985,Kevin Magnussen,25,4.0
1986,Kevin Magnussen,26,0.0
1987,Kevin Magnussen,27,0.0
1988,Jenson Button,34,10.0
1989,Jenson Button,35,0.0
1990,Jenson Button,36,0.0
1991,Fernando Alonso,33,0.0
1992,Fernando Alonso,34,0.0
1993,Fernando Alonso,35,0.0
1994,Fernando Alonso,36,0.0
1995,Fernando Alonso,37,0.0
1996,Valtteri Bottas,25,8.0
1997,Valtteri Bottas,26,10.0
1998,Valtteri Bottas,27,1.0
1999,Valtteri Bottas,28,12.0
2000,Valtteri Bottas,29,18.0
2001,Valtteri Bottas,30,25.0
2002,Nico Hülkenberg,27,4.0
2003,Nico Hülkenberg,28,8.0
2004,Nico Hülkenberg,29,4.0
2005,Nico Hülkenberg,30,0.0
2006,Nico Hülkenberg,31,0.0
2007,Nico Hülkenberg,32,0.0
2008,Kimi Räikkönen,34,0.0
2009,Kimi Räikkönen,35,12.0
2010,Kimi Räikkönen,37,10.0
2011,Kimi Räikkönen,38,10.0
2012,Kimi Räikkönen,39,10.0
2013,Kimi Räikkönen,40,0.0
2014,Jean-Éric Vergne,24,2.0
2015,Daniil Kvyat,20,0.0
2016,Daniil Kvyat,21,0.0
2017,Daniil Kvyat,22,0.0
2018,Daniil Kvyat,25,1.0
2019,Sergio Pérez,24,1.0
2020,Sergio Pérez,25,0.0
2021,Sergio Pérez,26,6.0
2022,Sergio Pérez,27,6.0
2023,Sergio Pérez,28,6.0
2024,Sergio Pérez,29,4.0
2025,Adrian Sutil,31,0.0
2026,Esteban Gutiérrez,23,0.0
2027,Esteban Gutiérrez,25,0.0
2028,Max Chilton,23,0.0
2029,Jules Bianchi,25,0.0
2030,Romain Grosjean,28,0.0
2031,Romain Grosjean,29,6.0
2032,Romain Grosjean,30,0.0
2033,Romain Grosjean,31,2.0
2034,Romain Grosjean,32,4.0
2035,Romain Grosjean,33,0.0
2036,Pastor Maldonado,29,0.0
2037,Pastor Maldonado,30,4.0
2038,Marcus Ericsson,24,0.0
2039,Marcus Ericsson,25,0.0
2040,Marcus Ericsson,26,0.0
2041,Marcus Ericsson,27,0.0
2042,Marcus Ericsson,28,0.0
2043,Sebastian Vettel,27,15.0
2044,Sebastian Vettel,28,15.0
2045,Sebastian Vettel,29,12.0
2046,Sebastian Vettel,30,0.0
2047,Sebastian Vettel,31,8.0
2048,Sebastian Vettel,32,18.0
2049,Lewis Hamilton,29,25.0
2050,Lewis Hamilton,30,25.0
2051,Lewis Hamilton,31,15.0
2052,Lewis Hamilton,32,25.0
2053,Lewis Hamilton,33,25.0
2054,Lewis Hamilton,34,16.0
2055,Felipe Massa,33,6.0
2056,Felipe Massa,34,0.0
2057,Felipe Massa,35,2.0
2058,Felipe Massa,36,1.0
2059,Kamui Kobayashi,28,0.0
2060,Daniel Ricciardo,25,12.0
2061,Daniel Ricciardo,26,0.0
2062,Daniel Ricciardo,27,8.0
2063,Daniel Ricciardo,28,15.0
2064,Daniel Ricciardo,29,12.0
2065,Daniel Ricciardo,30,0.0
2066,Will Stevens,24,0.0
2067,Felipe Nasr,23,0.0
2068,Felipe Nasr,24,0.0
2069,Carlos Sainz,21,1.0
2070,Carlos Sainz,22,0.0
2071,Carlos Sainz,23,0.0
2072,Carlos Sainz,24,1.0
2073,Carlos Sainz,25,10.0
2074,Max Verstappen,18,2.0
2075,Max Verstappen,19,18.0
2076,Max Verstappen,20,18.0
2077,Max Verstappen,21,15.0
2078,Max Verstappen,22,0.0
2079,Alexander Rossi,24,0.0
2080,Jolyon Palmer,25,0.0
2081,Jolyon Palmer,26,0.0
2082,Pascal Wehrlein,21,0.0
2083,Pascal Wehrlein,22,0.0
2084,Stoffel Vandoorne,25,0.0
2085,Stoffel Vandoorne,26,0.0
2086,Esteban Ocon,20,0.0
2087,Esteban Ocon,21,8.0
2088,Esteban Ocon,22,2.0
2089,Antonio Giovinazzi,25,0.0
2090,Lance Stroll,18,0.0
2091,Lance Stroll,19,0.0
2092,Lance Stroll,20,2.0
2093,Pierre Gasly,21,0.0
2094,Pierre Gasly,22,0.0
2095,Pierre Gasly,23,6.0
2096,Brendon Hartley,28,0.0
2097,Charles Leclerc,20,0.0
2098,Charles Leclerc,22,8.0
2099,Sergey Sirotkin,23,0.0
2100,Lando Norris,19,0.0
2101,Alexander Albon,23,12.0
2102,George Russell,21,0.0
2103,Robert Kubica,34,0.0
2105,Nico Rosberg,29,18.0
2106,Nico Rosberg,30,0.0
2107,Nico Rosberg,30,25.0
2108,Kevin Magnussen,22,10.0
2109,Kevin Magnussen,23,6.0
2110,Kevin Magnussen,24,0.0
2111,Kevin Magnussen,26,4.0
2112,Kevin Magnussen,27,2.0
2113,Kevin Magnussen,27,0.0
2114,Jenson Button,34,12.0
2115,Jenson Button,35,2.0
2116,Jenson Button,36,1.0
2117,Fernando Alonso,33,8.0
2118,Fernando Alonso,34,0.0
2119,Fernando Alonso,34,8.0
2120,Fernando Alonso,35,0.0
2121,Fernando Alonso,37,0.0
2122,Valtteri Bottas,25,15.0
2123,Valtteri Bottas,26,0.0
2124,Valtteri Bottas,26,12.0
2125,Valtteri Bottas,27,25.0
2126,Valtteri Bottas,29,18.0
2127,Valtteri Bottas,30,18.0
2128,Valtteri Bottas,31,26.0
2129,Nico Hülkenberg,27,0.0
2130,Nico Hülkenberg,28,0.0
2131,Nico Hülkenberg,28,0.0
2132,Nico Hülkenberg,29,4.0
2133,Nico Hülkenberg,31,0.0
2134,Nico Hülkenberg,32,1.0
2135,Kimi Räikkönen,35,2.0
2136,Kimi Räikkönen,36,4.0
2137,Kimi Räikkönen,36,15.0
2138,Kimi Räikkönen,37,15.0
2139,Kimi Räikkönen,38,12.0
2140,Kimi Räikkönen,39,0.0
2141,Kimi Räikkönen,40,0.0
2142,Jean-Éric Vergne,24,0.0
2143,Daniil Kvyat,20,0.0
2144,Daniil Kvyat,21,10.0
2145,Daniil Kvyat,22,0.0
2146,Daniil Kvyat,23,0.0
2147,Daniil Kvyat,25,0.0
2148,Daniil Kvyat,26,4.0
2149,Sergio Pérez,24,1.0
2150,Sergio Pérez,25,15.0
2151,Sergio Pérez,26,2.0
2152,Sergio Pérez,27,8.0
2153,Sergio Pérez,28,1.0
2154,Sergio Pérez,29,6.0
2155,Sergio Pérez,30,12.0
2156,Adrian Sutil,31,0.0
2157,Esteban Gutiérrez,23,0.0
2158,Esteban Gutiérrez,24,0.0
2159,Max Chilton,23,0.0
2160,Romain Grosjean,28,0.0
2161,Romain Grosjean,29,0.0
2162,Romain Grosjean,30,4.0
2163,Romain Grosjean,31,0.0
2164,Romain Grosjean,32,0.0
2165,Romain Grosjean,33,0.0
2166,Romain Grosjean,34,0.0
2167,Pastor Maldonado,29,0.0
2168,Pastor Maldonado,30,6.0
2169,Marcus Ericsson,24,0.0
2170,Marcus Ericsson,25,0.0
2171,Marcus Ericsson,25,0.0
2172,Marcus Ericsson,26,0.0
2173,Marcus Ericsson,28,0.0
2174,Sebastian Vettel,27,4.0
2175,Sebastian Vettel,28,18.0
2176,Sebastian Vettel,28,0.0
2177,Sebastian Vettel,29,18.0
2178,Sebastian Vettel,31,15.0
2179,Sebastian Vettel,32,0.0
2180,Sebastian Vettel,33,0.0
2181,Lewis Hamilton,29,25.0
2182,Lewis Hamilton,30,25.0
2183,Lewis Hamilton,31,18.0
2184,Lewis Hamilton,32,12.0
2185,Lewis Hamilton,33,25.0
2186,Lewis Hamilton,34,26.0
2187,Lewis Hamilton,35,15.0
2188,Felipe Massa,33,0.0
2189,Felipe Massa,34,12.0
2190,Felipe Massa,35,10.0
2191,Felipe Massa,36,2.0
2192,Kamui Kobayashi,28,0.0
2193,Daniel Ricciardo,25,6.0
2194,Daniel Ricciardo,26,0.0
2195,Daniel Ricciardo,26,0.0
2196,Daniel Ricciardo,27,0.0
2197,Daniel Ricciardo,29,8.0
2198,Daniel Ricciardo,30,0.0
2199,Daniel Ricciardo,31,10.0
2200,Will Stevens,24,0.0
2202,Felipe Nasr,23,8.0
2203,Felipe Nasr,23,0.0
2204,Carlos Sainz,21,0.0
2205,Carlos Sainz,21,0.0
2206,Carlos Sainz,22,1.0
2207,Carlos Sainz,24,0.0
2208,Carlos Sainz,25,8.0
2209,Carlos Sainz,26,0.0
2210,Max Verstappen,18,1.0
2211,Max Verstappen,18,0.0
2212,Max Verstappen,19,10.0
2213,Max Verstappen,21,10.0
2214,Max Verstappen,22,12.0
2215,Max Verstappen,23,18.0
2216,Roberto Merhi,24,0.0
2218,Jolyon Palmer,25,0.0
2219,Jolyon Palmer,26,0.0
2220,Pascal Wehrlein,21,0.0
2221,Pascal Wehrlein,22,0.0
2222,Rio Haryanto,23,0.0
2223,Stoffel Vandoorne,25,0.0
2224,Stoffel Vandoorne,26,0.0
2225,Esteban Ocon,20,6.0
2226,Esteban Ocon,22,2.0
2227,Esteban Ocon,24,6.0
2228,Antonio Giovinazzi,25,0.0
2229,Antonio Giovinazzi,26,0.0
2230,Lance Stroll,18,0.0
2231,Lance Stroll,19,0.0
2232,Lance Stroll,20,0.0
2233,Lance Stroll,21,0.0
2234,Pierre Gasly,22,0.0
2235,Pierre Gasly,23,0.0
2236,Pierre Gasly,24,2.0
2237,Brendon Hartley,28,0.0
2238,Charles Leclerc,20,6.0
2239,Charles Leclerc,21,15.0
2240,Charles Leclerc,22,8.0
2241,Sergey Sirotkin,23,0.0
2242,Lando Norris,19,4.0
2243,Lando Norris,20,0.0
2244,Alexander Albon,23,10.0
2245,Alexander Albon,24,1.0
2246,George Russell,21,0.0
2247,George Russell,22,0.0
2248,Robert Kubica,34,0.0
2249,Nicholas Latifi,25,0.0
2251,Nico Rosberg,29,18.0
2252,Nico Rosberg,30,18.0
2253,Nico Rosberg,31,18.0
2254,Kevin Magnussen,22,4.0
2255,Kevin Magnussen,24,0.0
2256,Kevin Magnussen,25,0.0
2257,Kevin Magnussen,26,0.0
2258,Kevin Magnussen,27,0.0
2259,Jenson Button,34,0.0
2260,Jenson Button,35,8.0
2261,Jenson Button,36,2.0
2262,Fernando Alonso,33,8.0
2263,Fernando Alonso,34,0.0
2264,Fernando Alonso,35,10.0
2265,Fernando Alonso,36,0.0
2266,Fernando Alonso,37,0.0
2267,Valtteri Bottas,25,10.0
2268,Valtteri Bottas,26,0.0
2269,Valtteri Bottas,27,0.0
2270,Valtteri Bottas,28,10.0
2271,Valtteri Bottas,29,10.0
2272,Valtteri Bottas,30,25.0
2273,Nico Hülkenberg,27,0.0
2274,Nico Hülkenberg,28,0.0
2275,Nico Hülkenberg,29,0.0
2276,Nico Hülkenberg,30,0.0
2277,Nico Hülkenberg,31,8.0
2278,Nico Hülkenberg,32,2.0
2279,Kimi Räikkönen,35,0.0
2280,Kimi Räikkönen,36,0.0
2281,Kimi Räikkönen,37,0.0
2282,Kimi Räikkönen,38,15.0
2283,Kimi Räikkönen,39,25.0
2284,Kimi Räikkönen,40,0.0
2285,Jean-Éric Vergne,24,1.0
2286,Daniil Kvyat,20,0.0
2287,Daniil Kvyat,21,0.0
2288,Daniil Kvyat,22,0.0
2289,Daniil Kvyat,23,1.0
2290,Daniil Kvyat,25,0.0
2291,Sergio Pérez,24,0.0
2292,Sergio Pérez,25,10.0
2293,Sergio Pérez,26,4.0
2294,Sergio Pérez,27,4.0
2295,Sergio Pérez,28,4.0
2296,Sergio Pérez,29,1.0
2297,Adrian Sutil,31,0.0
2298,Esteban Gutiérrez,23,0.0
2299,Esteban Gutiérrez,25,0.0
2300,Romain Grosjean,28,0.0
2301,Romain Grosjean,29,0.0
2302,Romain Grosjean,30,1.0
2303,Romain Grosjean,31,0.0
2304,Romain Grosjean,32,0.0
2305,Romain Grosjean,33,0.0
2306,Pastor Maldonado,29,2.0
2307,Pastor Maldonado,30,4.0
2308,Marcus Ericsson,25,0.0
2309,Marcus Ericsson,26,0.0
2310,Marcus Ericsson,27,0.0
2311,Marcus Ericsson,28,1.0
2312,Sebastian Vettel,27,6.0
2313,Sebastian Vettel,28,15.0
2314,Sebastian Vettel,29,12.0
2315,Sebastian Vettel,30,18.0
2316,Sebastian Vettel,31,12.0
2317,Sebastian Vettel,32,0.0
2318,Lewis Hamilton,29,25.0
2319,Lewis Hamilton,30,25.0
2320,Lewis Hamilton,31,25.0
2321,Lewis Hamilton,32,25.0
2322,Lewis Hamilton,33,15.0
2323,Lewis Hamilton,34,18.0
2324,Felipe Massa,33,12.0
2325,Felipe Massa,34,0.0
2326,Felipe Massa,35,6.0
2327,Felipe Massa,36,2.0
2328,Daniel Ricciardo,25,15.0
2329,Daniel Ricciardo,26,1.0
2330,Daniel Ricciardo,27,15.0
2331,Daniel Ricciardo,28,0.0
2332,Daniel Ricciardo,29,0.0
2333,Daniel Ricciardo,30,8.0
2334,Will Stevens,24,0.0
2336,Felipe Nasr,23,2.0
2337,Felipe Nasr,24,0.0
2338,Carlos Sainz,21,6.0
2339,Carlos Sainz,22,8.0
2340,Carlos Sainz,23,6.0
2341,Carlos Sainz,24,6.0
2342,Carlos Sainz,25,4.0
2343,Max Verstappen,18,12.0
2344,Max Verstappen,19,0.0
2345,Max Verstappen,20,12.0
2346,Max Verstappen,21,18.0
2347,Max Verstappen,22,15.0
2348,Alexander Rossi,24,0.0
2350,Jolyon Palmer,25,0.0
2351,Pascal Wehrlein,22,0.0
2352,Pascal Wehrlein,23,0.0
2353,Stoffel Vandoorne,25,0.0
2354,Stoffel Vandoorne,26,0.0
2355,Esteban Ocon,20,0.0
2356,Esteban Ocon,21,8.0
2357,Esteban Ocon,22,0.0
2358,Antonio Giovinazzi,25,0.0
2359,Lance Stroll,18,0.0
2360,Lance Stroll,19,0.0
2361,Lance Stroll,21,0.0
2362,Pierre Gasly,22,0.0
2363,Pierre Gasly,23,0.0
2364,Brendon Hartley,27,0.0
2365,Brendon Hartley,28,2.0
2366,Charles Leclerc,21,0.0
2367,Charles Leclerc,22,13.0
2368,Sergey Sirotkin,23,0.0
2369,Lando Norris,19,6.0
2370,Alexander Albon,23,10.0
2371,George Russell,21,0.0
2372,Robert Kubica,34,0.0
2374,Nico Rosberg,29,25.0
2375,Nico Rosberg,30,25.0
2376,Nico Rosberg,31,18.0
2377,Kevin Magnussen,22,2.0
2378,Kevin Magnussen,24,0.0
2379,Kevin Magnussen,25,0.0
2380,Kevin Magnussen,26,2.0
2381,Kevin Magnussen,27,0.0
2382,Jenson Button,34,12.0
2383,Jenson Button,35,0.0
2384,Jenson Button,36,0.0
2385,Fernando Alonso,33,8.0
2386,Fernando Alonso,34,0.0
2387,Fernando Alonso,35,1.0
2388,Fernando Alonso,36,4.0
2389,Fernando Alonso,37,0.0
2390,Valtteri Bottas,25,1.0
2391,Valtteri Bottas,26,10.0
2392,Valtteri Bottas,27,0.0
2393,Valtteri Bottas,28,18.0
2394,Valtteri Bottas,29,10.0
2395,Valtteri Bottas,30,0.0
2396,Nico Hülkenberg,27,4.0
2397,Nico Hülkenberg,28,8.0
2398,Nico Hülkenberg,29,6.0
2399,Nico Hülkenberg,30,1.0
2400,Nico Hülkenberg,31,0.0
2401,Nico Hülkenberg,32,0.0
2402,Kimi Räikkönen,35,6.0
2403,Kimi Räikkönen,36,12.0
2404,Kimi Räikkönen,37,0.0
2405,Kimi Räikkönen,38,15.0
2406,Kimi Räikkönen,39,15.0
2407,Kimi Räikkönen,40,12.0
2408,Jean-Éric Vergne,24,0.0
2409,Daniil Kvyat,20,0.0
2410,Daniil Kvyat,21,6.0
2411,Daniil Kvyat,22,0.0
2412,Daniil Kvyat,25,1.0
2413,Sergio Pérez,24,0.0
2414,Sergio Pérez,25,0.0
2415,Sergio Pérez,26,12.0
2416,Sergio Pérez,27,2.0
2417,Sergio Pérez,28,1.0
2418,Sergio Pérez,29,2.0
2419,Adrian Sutil,31,0.0
2420,Esteban Gutiérrez,23,0.0
2421,Esteban Gutiérrez,25,0.0
2422,Romain Grosjean,28,0.0
2423,Romain Grosjean,29,4.0
2424,Romain Grosjean,30,0.0
2425,Romain Grosjean,31,0.0
2426,Romain Grosjean,32,4.0
2427,Romain Grosjean,33,0.0
2428,Pastor Maldonado,29,0.0
2429,Pastor Maldonado,30,1.0
2430,Marcus Ericsson,25,0.0
2431,Marcus Ericsson,26,0.0
2432,Marcus Ericsson,27,0.0
2433,Marcus Ericsson,28,0.0
2434,Sebastian Vettel,27,10.0
2435,Sebastian Vettel,28,15.0
2436,Sebastian Vettel,29,10.0
2437,Sebastian Vettel,30,25.0
2438,Sebastian Vettel,31,8.0
2439,Sebastian Vettel,32,0.0
2440,Lewis Hamilton,29,18.0
2441,Lewis Hamilton,30,18.0
2442,Lewis Hamilton,31,25.0
2443,Lewis Hamilton,32,12.0
2444,Lewis Hamilton,33,25.0
2445,Lewis Hamilton,34,6.0
2446,Felipe Massa,33,15.0
2447,Felipe Massa,34,0.0
2448,Felipe Massa,35,0.0
2449,Felipe Massa,36,6.0
2450,Daniel Ricciardo,25,0.0
2451,Daniel Ricciardo,26,0.0
2452,Daniel Ricciardo,27,4.0
2453,Daniel Ricciardo,28,8.0
2454,Daniel Ricciardo,29,12.0
2455,Daniel Ricciardo,30,8.0
2456,Will Stevens,24,0.0
2458,Felipe Nasr,23,0.0
2459,Felipe Nasr,24,2.0
2460,Carlos Sainz,21,0.0
2461,Carlos Sainz,22,8.0
2462,Carlos Sainz,23,0.0
2463,Carlos Sainz,24,0.0
2464,Carlos Sainz,25,15.0
2465,Max Verstappen,18,2.0
2466,Max Verstappen,19,15.0
2467,Max Verstappen,20,10.0
2468,Max Verstappen,21,18.0
2469,Max Verstappen,22,25.0
2470,Alexander Rossi,24,0.0
2472,Jolyon Palmer,25,0.0
2473,Pascal Wehrlein,22,0.0
2474,Pascal Wehrlein,23,0.0
2475,Stoffel Vandoorne,25,0.0
2476,Stoffel Vandoorne,26,0.0
2477,Esteban Ocon,20,0.0
2478,Esteban Ocon,21,0.0
2479,Esteban Ocon,22,0.0
2480,Antonio Giovinazzi,25,10.0
2481,Lance Stroll,19,0.0
2482,Lance Stroll,20,0.0
2483,Lance Stroll,21,0.0
2484,Pierre Gasly,21,0.0
2485,Pierre Gasly,22,0.0
2486,Pierre Gasly,23,18.0
2487,Brendon Hartley,28,0.0
2488,Brendon Hartley,29,0.0
2489,Charles Leclerc,21,6.0
2490,Charles Leclerc,22,0.0
2491,Sergey Sirotkin,23,0.0
2492,Lando Norris,20,4.0
2493,Alexander Albon,23,0.0
2494,George Russell,21,0.0
2495,Robert Kubica,34,0.0
2497,Nico Rosberg,29,0.0
2498,Nico Rosberg,30,25.0
2499,Nico Rosberg,31,18.0
2500,Kevin Magnussen,22,0.0
2501,Kevin Magnussen,24,0.0
2502,Kevin Magnussen,25,0.0
2503,Kevin Magnussen,26,1.0
2504,Kevin Magnussen,27,0.0
2505,Kevin Magnussen,28,0.0
2506,Jenson Button,34,20.0
2507,Jenson Button,35,0.0
2508,Jenson Button,36,0.0
2509,Fernando Alonso,33,4.0
2510,Fernando Alonso,34,0.0
2511,Fernando Alonso,35,1.0
2512,Fernando Alonso,36,2.0
2513,Fernando Alonso,37,0.0
2514,Valtteri Bottas,25,30.0
2515,Valtteri Bottas,26,0.0
2516,Valtteri Bottas,27,0.0
2517,Valtteri Bottas,28,25.0
2518,Valtteri Bottas,29,10.0
2519,Valtteri Bottas,30,12.0
2520,Valtteri Bottas,31,18.0
2521,Nico Hülkenberg,27,16.0
2522,Nico Hülkenberg,28,6.0
2523,Nico Hülkenberg,29,6.0
2524,Nico Hülkenberg,30,8.0
2525,Nico Hülkenberg,31,0.0
2526,Nico Hülkenberg,32,0.0
2527,Kimi Räikkönen,35,2.0
2528,Kimi Räikkönen,36,15.0
2529,Kimi Räikkönen,37,8.0
2530,Kimi Räikkönen,38,12.0
2531,Kimi Räikkönen,39,0.0
2532,Kimi Räikkönen,40,0.0
2533,Kimi Räikkönen,41,0.0
2534,Jean-Éric Vergne,24,0.0
2535,Daniil Kvyat,20,0.0
2536,Daniil Kvyat,21,1.0
2537,Daniil Kvyat,22,0.0
2538,Daniil Kvyat,25,2.0
2539,Daniil Kvyat,26,0.0
2540,Sergio Pérez,24,12.0
2541,Sergio Pérez,25,10.0
2542,Sergio Pérez,26,4.0
2543,Sergio Pérez,27,6.0
2544,Sergio Pérez,28,4.0
2545,Sergio Pérez,29,6.0
2546,Sergio Pérez,30,0.0
2547,Adrian Sutil,31,0.0
2548,Esteban Gutiérrez,23,0.0
2549,Esteban Gutiérrez,25,0.0
2550,Romain Grosjean,28,0.0
2551,Romain Grosjean,29,2.0
2552,Romain Grosjean,30,0.0
2553,Romain Grosjean,31,0.0
2554,Romain Grosjean,32,2.0
2555,Romain Grosjean,33,0.0
2556,Pastor Maldonado,29,0.0
2557,Pastor Maldonado,30,0.0
2558,Marcus Ericsson,25,0.0
2559,Marcus Ericsson,26,0.0
2560,Marcus Ericsson,27,0.0
2561,Marcus Ericsson,28,0.0
2562,Sebastian Vettel,27,8.0
2563,Sebastian Vettel,28,12.0
2564,Sebastian Vettel,29,15.0
2565,Sebastian Vettel,30,15.0
2566,Sebastian Vettel,31,18.0
2567,Sebastian Vettel,32,10.0
2568,Sebastian Vettel,33,0.0
2569,Lewis Hamilton,29,50.0
2570,Lewis Hamilton,30,18.0
2571,Lewis Hamilton,31,25.0
2572,Lewis Hamilton,32,18.0
2573,Lewis Hamilton,33,25.0
2574,Lewis Hamilton,34,26.0
2575,Lewis Hamilton,35,15.0
2576,Felipe Massa,33,36.0
2577,Felipe Massa,34,4.0
2578,Felipe Massa,35,2.0
2579,Felipe Massa,36,1.0
2580,Kamui Kobayashi,28,0.0
2581,Daniel Ricciardo,25,24.0
2582,Daniel Ricciardo,26,8.0
2583,Daniel Ricciardo,27,10.0
2584,Daniel Ricciardo,28,0.0
2585,Daniel Ricciardo,29,12.0
2586,Daniel Ricciardo,30,0.0
2587,Daniel Ricciardo,31,7.0
2588,Will Stevens,23,0.0
2589,Will Stevens,24,0.0
2590,Felipe Nasr,23,0.0
2591,Felipe Nasr,24,0.0
2592,Carlos Sainz,21,0.0
2593,Carlos Sainz,22,0.0
2594,Carlos Sainz,23,0.0
2595,Carlos Sainz,24,8.0
2596,Carlos Sainz,25,1.0
2597,Carlos Sainz,26,8.0
2598,Max Verstappen,18,0.0
2599,Max Verstappen,19,12.0
2600,Max Verstappen,20,10.0
2601,Max Verstappen,21,15.0
2602,Max Verstappen,22,18.0
2603,Max Verstappen,23,25.0
2604,Roberto Merhi,24,0.0
2605,Jolyon Palmer,25,0.0
2606,Pascal Wehrlein,22,0.0
2607,Pascal Wehrlein,23,0.0
2608,Stoffel Vandoorne,25,0.0
2609,Stoffel Vandoorne,26,0.0
2610,Esteban Ocon,20,0.0
2611,Esteban Ocon,21,4.0
2612,Esteban Ocon,22,0.0
2613,Esteban Ocon,24,2.0
2614,Antonio Giovinazzi,25,0.0
2615,Antonio Giovinazzi,27,0.0
2616,Lance Stroll,19,0.0
2617,Lance Stroll,20,0.0
2618,Lance Stroll,21,0.0
2619,Lance Stroll,22,1.0
2620,Pierre Gasly,21,0.0
2621,Pierre Gasly,22,0.0
2622,Pierre Gasly,23,0.0
2623,Pierre Gasly,24,4.0
2624,Brendon Hartley,28,0.0
2625,Brendon Hartley,29,0.0
2626,Charles Leclerc,21,6.0
2627,Charles Leclerc,22,15.0
2628,Charles Leclerc,23,0.0
2629,Sergey Sirotkin,23,0.0
2630,Lando Norris,20,4.0
2631,Lando Norris,21,10.0
2632,Alexander Albon,23,8.0
2633,Alexander Albon,24,12.0
2634,George Russell,21,0.0
2635,George Russell,22,0.0
2636,Robert Kubica,35,0.0
2637,Nicholas Latifi,25,0.0
2638,Pietro Fittipaldi,24,0.0
2640,Nico Rosberg,30,25.0
2641,Nico Rosberg,31,18.0
2642,Kevin Magnussen,24,0.0
2643,Kevin Magnussen,25,4.0
2644,Kevin Magnussen,26,0.0
2645,Kevin Magnussen,27,0.0
2646,Jenson Button,35,0.0
2647,Jenson Button,36,0.0
2648,Fernando Alonso,34,0.0
2649,Fernando Alonso,35,0.0
2650,Fernando Alonso,36,1.0
2651,Fernando Alonso,37,0.0
2652,Valtteri Bottas,26,15.0
2653,Valtteri Bottas,27,4.0
2654,Valtteri Bottas,28,18.0
2655,Valtteri Bottas,29,10.0
2656,Valtteri Bottas,30,15.0
2657,Nico Hülkenberg,28,6.0
2658,Nico Hülkenberg,29,6.0
2659,Nico Hülkenberg,30,0.0
2660,Nico Hülkenberg,31,8.0
2661,Nico Hülkenberg,32,1.0
2662,Kimi Räikkönen,36,0.0
2663,Kimi Räikkönen,37,8.0
2664,Kimi Räikkönen,38,15.0
2665,Kimi Räikkönen,39,15.0
2666,Kimi Räikkönen,40,0.0
2667,Daniil Kvyat,21,12.0
2668,Daniil Kvyat,22,0.0
2669,Daniil Kvyat,25,0.0
2670,Sergio Pérez,25,4.0
2671,Sergio Pérez,26,1.0
2672,Sergio Pérez,27,6.0
2673,Sergio Pérez,28,0.0
2674,Sergio Pérez,29,6.0
2675,Esteban Gutiérrez,25,0.0
2676,Romain Grosjean,29,1.0
2677,Romain Grosjean,30,0.0
2678,Romain Grosjean,31,0.0
2679,Romain Grosjean,32,0.0
2680,Romain Grosjean,33,0.0
2681,Pastor Maldonado,30,0.0
2682,Marcus Ericsson,25,0.0
2683,Marcus Ericsson,26,0.0
2684,Marcus Ericsson,27,0.0
2685,Marcus Ericsson,28,2.0
2686,Sebastian Vettel,28,0.0
2687,Sebastian Vettel,29,10.0
2688,Sebastian Vettel,30,12.0
2689,Sebastian Vettel,31,18.0
2690,Sebastian Vettel,32,18.0
2691,Lewis Hamilton,30,18.0
2692,Lewis Hamilton,31,25.0
2693,Lewis Hamilton,32,2.0
2694,Lewis Hamilton,33,12.0
2695,Lewis Hamilton,34,25.0
2696,Felipe Massa,34,8.0
2697,Felipe Massa,35,2.0
2698,Felipe Massa,36,0.0
2699,Daniel Ricciardo,26,10.0
2700,Daniel Ricciardo,27,15.0
2701,Daniel Ricciardo,28,0.0
2702,Daniel Ricciardo,29,0.0
2703,Daniel Ricciardo,30,4.0
2704,Will Stevens,24,0.0
2706,Felipe Nasr,23,0.0
2707,Felipe Nasr,24,0.0
2708,Carlos Sainz,21,0.0
2709,Carlos Sainz,22,0.0
2710,Carlos Sainz,23,0.0
2711,Carlos Sainz,24,0.0
2712,Carlos Sainz,25,0.0
2713,Max Verstappen,18,2.0
2714,Max Verstappen,19,12.0
2715,Max Verstappen,20,25.0
2716,Max Verstappen,21,25.0
2717,Max Verstappen,22,8.0
2718,Alexander Rossi,24,0.0
2720,Jolyon Palmer,25,0.0
2721,Pascal Wehrlein,22,0.0
2722,Pascal Wehrlein,23,0.0
2723,Stoffel Vandoorne,25,0.0
2724,Stoffel Vandoorne,26,4.0
2725,Esteban Ocon,20,0.0
2726,Esteban Ocon,21,10.0
2727,Esteban Ocon,22,0.0
2728,Antonio Giovinazzi,25,0.0
2729,Lance Stroll,19,8.0
2730,Lance Stroll,20,0.0
2731,Lance Stroll,21,0.0
2732,Pierre Gasly,21,0.0
2733,Pierre Gasly,22,1.0
2734,Pierre Gasly,23,2.0
2735,Brendon Hartley,27,0.0
2736,Brendon Hartley,28,0.0
2737,Charles Leclerc,21,6.0
2738,Charles Leclerc,22,13.0
2739,Sergey Sirotkin,23,0.0
2740,Lando Norris,19,0.0
2741,Alexander Albon,23,10.0
2742,George Russell,21,0.0
2743,Robert Kubica,34,0.0
2745,Nico Rosberg,31,25.0
2746,Kevin Magnussen,23,0.0
2747,Kevin Magnussen,24,6.0
2748,Kevin Magnussen,25,0.0
2749,Kevin Magnussen,26,0.0
2750,Jenson Button,36,0.0
2751,Fernando Alonso,34,0.0
2752,Fernando Alonso,35,2.0
2753,Fernando Alonso,36,6.0
2754,Fernando Alonso,39,8.0
2755,Valtteri Bottas,26,8.0
2756,Valtteri Bottas,27,18.0
2757,Valtteri Bottas,28,0.0
2758,Valtteri Bottas,29,25.0
2759,Valtteri Bottas,31,0.0
2760,Nico Hülkenberg,28,2.0
2761,Nico Hülkenberg,29,0.0
2762,Nico Hülkenberg,30,0.0
2763,Nico Hülkenberg,31,0.0
2764,Kimi Räikkönen,36,12.0
2765,Kimi Räikkönen,37,0.0
2766,Kimi Räikkönen,38,18.0
2767,Kimi Räikkönen,39,1.0
2768,Kimi Räikkönen,41,1.0
2769,Daniil Kvyat,22,0.0
2770,Daniil Kvyat,23,0.0
2771,Daniil Kvyat,25,0.0
2772,Sergio Pérez,26,15.0
2773,Sergio Pérez,27,0.0
2774,Sergio Pérez,28,15.0
2775,Sergio Pérez,29,8.0
2776,Sergio Pérez,31,25.0
2777,Esteban Gutiérrez,24,0.0
2778,Romain Grosjean,30,0.0
2779,Romain Grosjean,31,0.0
2780,Romain Grosjean,32,0.0
2781,Romain Grosjean,33,0.0
2782,Marcus Ericsson,25,0.0
2783,Marcus Ericsson,26,0.0
2784,Marcus Ericsson,27,0.0
2785,Sebastian Vettel,28,18.0
2786,Sebastian Vettel,30,12.0
2787,Sebastian Vettel,30,12.0
2788,Sebastian Vettel,31,15.0
2789,Sebastian Vettel,33,18.0
2790,Lewis Hamilton,31,10.0
2791,Lewis Hamilton,32,10.0
2792,Lewis Hamilton,33,25.0
2793,Lewis Hamilton,34,18.0
2794,Lewis Hamilton,36,0.0
2795,Felipe Massa,35,1.0
2796,Felipe Massa,36,0.0
2797,Daniel Ricciardo,26,6.0
2798,Daniel Ricciardo,28,25.0
2799,Daniel Ricciardo,28,0.0
2800,Daniel Ricciardo,29,0.0
2801,Daniel Ricciardo,31,2.0
2802,Felipe Nasr,23,0.0
2803,Carlos Sainz,21,0.0
2804,Carlos Sainz,22,4.0
2805,Carlos Sainz,23,10.0
2806,Carlos Sainz,24,6.0
2807,Carlos Sainz,26,4.0
2808,Max Verstappen,18,4.0
2809,Max Verstappen,19,0.0
2810,Max Verstappen,20,0.0
2811,Max Verstappen,21,12.0
2812,Max Verstappen,23,0.0
2813,Jolyon Palmer,25,0.0
2814,Jolyon Palmer,26,0.0
2815,Pascal Wehrlein,21,0.0
2816,Pascal Wehrlein,22,1.0
2817,Rio Haryanto,23,0.0
2818,Stoffel Vandoorne,25,0.0
2819,Stoffel Vandoorne,26,2.0
2820,Esteban Ocon,20,8.0
2821,Esteban Ocon,21,0.0
2822,Esteban Ocon,24,0.0
2823,Antonio Giovinazzi,25,0.0
2824,Antonio Giovinazzi,27,0.0
2825,Lance Stroll,18,15.0
2826,Lance Stroll,19,4.0
2827,Lance Stroll,20,2.0
2828,Lance Stroll,22,0.0
2829,Pierre Gasly,22,0.0
2830,Pierre Gasly,23,0.0
2831,Pierre Gasly,25,15.0
2832,Brendon Hartley,28,1.0
2833,Charles Leclerc,20,8.0
2834,Charles Leclerc,21,11.0
2835,Charles Leclerc,23,12.0
2836,Sergey Sirotkin,22,0.0
2837,Lando Norris,19,4.0
2838,Lando Norris,21,10.0
2839,Alexander Albon,23,0.0
2840,George Russell,21,0.0
2841,George Russell,23,0.0
2842,Robert Kubica,34,0.0
2843,Nicholas Latifi,25,0.0
2844,Yuki Tsunoda,21,6.0
2845,Mick Schumacher,22,0.0
2846,Nikita Mazepin,22,0.0
2847,Kevin Magnussen,25,8.0
2848,Kevin Magnussen,26,0.0
2849,Fernando Alonso,36,0.0
2850,Fernando Alonso,39,4.0
2851,Valtteri Bottas,28,6.0
2852,Valtteri Bottas,29,18.0
2853,Valtteri Bottas,31,12.0
2854,Nico Hülkenberg,30,2.0
2855,Nico Hülkenberg,31,4.0
2856,Kimi Räikkönen,38,15.0
2857,Kimi Räikkönen,39,6.0
2858,Kimi Räikkönen,41,0.0
2859,Daniil Kvyat,25,0.0
2860,Sergio Pérez,28,0.0
2861,Sergio Pérez,29,0.0
2862,Sergio Pérez,31,15.0
2863,Romain Grosjean,32,0.0
2864,Romain Grosjean,33,0.0
2865,Marcus Ericsson,27,0.0
2866,Sebastian Vettel,30,10.0
2867,Sebastian Vettel,31,11.0
2868,Sebastian Vettel,33,2.0
2869,Lewis Hamilton,33,25.0
2870,Lewis Hamilton,34,25.0
2871,Lewis Hamilton,36,18.0
2872,Daniel Ricciardo,29,12.0
2873,Daniel Ricciardo,29,0.0
2874,Daniel Ricciardo,31,8.0
2875,Carlos Sainz,23,4.0
2876,Carlos Sainz,24,8.0
2877,Carlos Sainz,26,0.0
2878,Max Verstappen,20,18.0
2879,Max Verstappen,21,12.0
2880,Max Verstappen,23,26.0
2881,Stoffel Vandoorne,26,0.0
2882,Esteban Ocon,21,0.0
2883,Esteban Ocon,24,0.0
2884,Antonio Giovinazzi,25,0.0
2885,Antonio Giovinazzi,27,0.0
2886,Lance Stroll,19,0.0
2887,Lance Stroll,20,0.0
2888,Lance Stroll,22,1.0
2889,Pierre Gasly,22,0.0
2890,Pierre Gasly,23,1.0
2891,Pierre Gasly,25,6.0
2892,Brendon Hartley,28,0.0
2893,Charles Leclerc,20,1.0
2894,Charles Leclerc,21,15.0
2895,Charles Leclerc,23,0.0
2896,Sergey Sirotkin,22,0.0
2897,Lando Norris,19,2.0
2898,Lando Norris,21,10.0
2899,Alexander Albon,23,0.0
2900,George Russell,21,0.0
2901,George Russell,23,0.0
2902,Robert Kubica,34,0.0
2903,Nicholas Latifi,25,0.0
2904,Yuki Tsunoda,21,0.0
2905,Mick Schumacher,22,0.0
2906,Nikita Mazepin,22,0.0
2907,Kevin Magnussen,27,0.0
2908,Valtteri Bottas,31,18.0
2909,Kimi Räikkönen,40,2.0
2910,Daniil Kvyat,26,6.0
2911,Sergio Pérez,30,10.0
2912,Romain Grosjean,34,0.0
2913,Sebastian Vettel,33,1.0
2914,Lewis Hamilton,35,26.0
2915,Daniel Ricciardo,31,12.0
2916,Carlos Sainz,26,0.0
2917,Max Verstappen,22,0.0
2918,Esteban Ocon,24,0.0
2919,Antonio Giovinazzi,26,0.0
2920,Lance Stroll,21,0.0
2921,Pierre Gasly,24,0.0
2922,Charles Leclerc,22,4.0
2923,Lando Norris,20,8.0
2924,Alexander Albon,24,15.0
2925,George Russell,22,0.0
2926,Nicholas Latifi,25,0.0
2927,Kevin Magnussen,28,0.0
2928,Valtteri Bottas,31,0.0
2929,Nico Hülkenberg,33,4.0
2930,Kimi Räikkönen,41,0.0
2931,Daniil Kvyat,26,0.0
2932,Sergio Pérez,30,12.0
2933,Romain Grosjean,34,2.0
2934,Sebastian Vettel,33,0.0
2935,Lewis Hamilton,35,25.0
2936,Daniel Ricciardo,31,15.0
2937,Carlos Sainz,26,10.0
2938,Max Verstappen,23,19.0
2939,Esteban Ocon,24,0.0
2940,Antonio Giovinazzi,26,1.0
2941,Pierre Gasly,24,8.0
2942,Charles Leclerc,23,6.0
2943,Lando Norris,20,0.0
2944,Alexander Albon,24,0.0
2945,George Russell,22,0.0
2946,Nicholas Latifi,25,0.0
2947,Kevin Magnussen,28,0.0
2948,Fernando Alonso,39,4.0
2949,Valtteri Bottas,31,18.0
2950,Valtteri Bottas,31,16.0
2951,Kimi Räikkönen,41,0.0
2952,Kimi Räikkönen,41,0.0
2953,Daniil Kvyat,26,0.0
2954,Sergio Pérez,30,6.0
2955,Sergio Pérez,31,12.0
2956,Romain Grosjean,34,0.0
2957,Sebastian Vettel,33,1.0
2958,Sebastian Vettel,33,0.0
2959,Lewis Hamilton,35,26.0
2960,Lewis Hamilton,36,25.0
2961,Daniel Ricciardo,31,2.0
2962,Daniel Ricciardo,31,2.0
2963,Carlos Sainz,26,8.0
2964,Carlos Sainz,26,0.0
2965,Max Verstappen,23,15.0
2966,Max Verstappen,23,18.0
2967,Esteban Ocon,24,4.0
2968,Esteban Ocon,24,6.0
2969,Antonio Giovinazzi,26,0.0
2970,Antonio Giovinazzi,27,0.0
2971,Lance Stroll,22,0.0
2972,Lance Stroll,22,0.0
2973,Pierre Gasly,24,10.0
2974,Pierre Gasly,25,1.0
2975,Charles Leclerc,23,12.0
2976,Charles Leclerc,23,8.0
2977,Lando Norris,20,0.0
2978,Lando Norris,21,10.0
2979,Alexander Albon,24,0.0
2980,George Russell,22,0.0
2981,George Russell,23,0.0
2982,Nicholas Latifi,25,0.0
2983,Nicholas Latifi,25,0.0
2984,Yuki Tsunoda,20,0.0
2985,Mick Schumacher,22,0.0
2986,Nikita Mazepin,22,0.0
2987,Kevin Magnussen,28,0.0
2988,Fernando Alonso,39,1.0
2989,Valtteri Bottas,31,18.0
2990,Valtteri Bottas,31,0.0
2991,Kimi Räikkönen,41,2.0
2992,Kimi Räikkönen,41,0.0
2993,Daniil Kvyat,26,12.0
2994,Sergio Pérez,30,8.0
2995,Sergio Pérez,31,0.0
2996,Romain Grosjean,34,0.0
2997,Sebastian Vettel,33,0.0
2998,Sebastian Vettel,33,0.0
2999,Lewis Hamilton,35,26.0
3000,Lewis Hamilton,36,19.0
3001,Daniel Ricciardo,31,15.0
3002,Daniel Ricciardo,31,8.0
3003,Carlos Sainz,26,6.0
3004,Carlos Sainz,26,10.0
3005,Max Verstappen,23,0.0
3006,Max Verstappen,23,25.0
3007,Esteban Ocon,24,0.0
3008,Esteban Ocon,24,2.0
3009,Antonio Giovinazzi,26,1.0
3010,Antonio Giovinazzi,27,0.0
3011,Lance Stroll,22,0.0
3012,Lance Stroll,22,4.0
3013,Pierre Gasly,24,0.0
3014,Pierre Gasly,25,6.0
3015,Charles Leclerc,23,10.0
3016,Charles Leclerc,23,12.0
3017,Lando Norris,20,4.0
3018,Lando Norris,21,15.0
3019,Alexander Albon,24,0.0
3020,George Russell,22,0.0
3021,George Russell,23,0.0
3022,Nicholas Latifi,25,0.0
3023,Nicholas Latifi,25,0.0
3024,Yuki Tsunoda,20,0.0
3025,Mick Schumacher,22,0.0
3026,Nikita Mazepin,22,0.0
3027,Kevin Magnussen,28,0.0
3028,Valtteri Bottas,31,0.0
3029,Kimi Räikkönen,41,0.0
3030,Daniil Kvyat,26,0.0
3031,Sergio Pérez,30,18.0
3032,Romain Grosjean,34,0.0
3033,Sebastian Vettel,33,15.0
3034,Lewis Hamilton,35,25.0
3035,Daniel Ricciardo,31,1.0
3036,Carlos Sainz,26,10.0
3037,Max Verstappen,23,8.0
3038,Esteban Ocon,24,0.0
3039,Antonio Giovinazzi,26,0.0
3040,Lance Stroll,22,2.0
3041,Pierre Gasly,24,0.0
3042,Charles Leclerc,23,12.0
3043,Lando Norris,21,5.0
3044,Alexander Albon,24,6.0
3045,George Russell,22,0.0
3046,Nicholas Latifi,25,0.0
