,constructor,fault
0,mercedes,1
1,mercedes,1
2,mercedes,1
3,mclaren,1
5,renault,1
6,haas,0
7,haas,0
8,haas,1
9,mclaren,1
10,mclaren,1
11,mclaren,1
12,ferrari,1
14,mclaren,0
15,mclaren,1
16,williams,1
18,williams,1
19,mercedes,1
20,mercedes,1
21,mercedes,1
22,racing_point,1
23,racing_point,1
24,racing_point,1
25,renault,1
26,renault,1
27,renault,1
28,ferrari,1
29,ferrari,0
30,ferrari,0
31,ferrari,1
32,ferrari,1
33,alfa,1
34,alphatauri,1
35,alphatauri,1
38,alphatauri,1
39,alphatauri,1
40,racing_point,1
41,racing_point,1
42,racing_point,1
43,racing_point,1
44,racing_point,1
45,racing_point,1
46,alfa,1
47,alfa,1
49,manor,1
50,manor,1
51,renault,0
52,renault,0
53,haas,1
54,haas,0
55,haas,0
56,haas,0
57,renault,0
59,caterham,0
60,alfa,1
61,alfa,0
62,alfa,0
63,alfa,0
64,red_bull,0
65,ferrari,1
66,ferrari,1
67,ferrari,1
68,ferrari,1
69,ferrari,1
70,mercedes,0
71,mercedes,1
72,mercedes,1
73,mercedes,1
74,mercedes,1
75,mercedes,1
77,williams,1
78,williams,1
79,williams,1
82,red_bull,1
83,red_bull,1
84,red_bull,0
85,red_bull,1
87,alfa,1
88,alfa,1
89,alphatauri,1
90,alphatauri,1
91,alphatauri,1
92,renault,1
93,mclaren,0
94,alphatauri,0
95,alphatauri,1
96,red_bull,1
97,red_bull,1
98,red_bull,1
99,renault,1
100,renault,0
101,manor,1
102,manor,0
103,mclaren,1
104,mclaren,1
105,racing_point,1
106,racing_point,1
107,alfa,1
108,alfa,1
109,williams,0
110,williams,1
111,racing_point,1
112,alphatauri,0
113,red_bull,1
114,alphatauri,1
115,alfa,1
116,ferrari,1
117,williams,0
118,mclaren,1
119,alphatauri,1
120,williams,1
121,williams,1
122,,0
123,mercedes,1
124,mercedes,1
125,mercedes,1
126,mclaren,1
127,renault,0
128,haas,1
129,mclaren,1
130,mclaren,0
131,mclaren,1
132,ferrari,1
133,mclaren,0
134,mclaren,1
135,mclaren,1
136,williams,1
137,williams,1
138,williams,1
139,mercedes,1
140,racing_point,1
141,racing_point,1
142,racing_point,1
143,renault,1
144,ferrari,1
145,ferrari,1
146,ferrari,1
147,ferrari,0
148,alphatauri,0
149,alphatauri,1
150,red_bull,1
151,alphatauri,1
153,racing_point,1
154,racing_point,1
155,racing_point,1
156,alfa,0
157,alfa,0
158,haas,0
159,manor,1
160,manor,0
161,renault,1
162,renault,1
163,haas,0
164,haas,1
165,renault,0
167,caterham,1
169,alfa,1
170,alfa,1
171,red_bull,1
172,ferrari,1
174,ferrari,1
175,mercedes,1
176,mercedes,1
177,mercedes,0
178,mercedes,1
179,williams,1
180,williams,1
181,williams,1
182,williams,1
183,caterham,1
184,red_bull,0
185,red_bull,1
186,red_bull,1
187,red_bull,1
188,manor,0
189,alfa,1
190,alfa,0
191,alphatauri,1
192,alphatauri,1
193,alphatauri,0
194,alphatauri,1
195,red_bull,1
196,red_bull,1
197,manor,1
198,renault,1
199,renault,1
200,manor,1
201,alfa,1
202,mclaren,1
203,manor,1
204,racing_point,1
205,williams,1
206,alphatauri,1
207,mercedes,1
208,mercedes,1
209,mercedes,1
210,mclaren,0
211,renault,1
212,haas,0
213,haas,1
214,haas,1
215,haas,1
216,haas,1
217,mclaren,0
218,mclaren,0
219,mclaren,0
220,ferrari,1
221,mclaren,1
222,mclaren,0
223,mclaren,1
224,renault,0
225,williams,1
226,williams,1
227,williams,1
228,mercedes,1
229,mercedes,1
230,mercedes,1
231,mercedes,1
232,mercedes,1
233,mercedes,1
234,racing_point,1
235,racing_point,1
236,racing_point,1
237,renault,1
238,renault,1
239,renault,0
240,ferrari,1
241,ferrari,1
242,ferrari,1
243,ferrari,1
244,ferrari,0
245,alfa,1
246,alfa,1
247,alfa,1
248,alfa,1
250,alphatauri,1
251,red_bull,1
252,red_bull,1
253,alphatauri,1
254,alphatauri,1
255,alphatauri,1
256,alphatauri,1
257,racing_point,1
258,racing_point,1
259,racing_point,1
260,racing_point,1
261,racing_point,1
262,racing_point,1
263,racing_point,0
264,racing_point,1
265,red_bull,1
269,manor,1
270,manor,1
271,renault,1
272,renault,1
273,haas,1
274,haas,1
275,haas,1
278,renault,1
279,renault,1
281,alfa,1
282,alfa,1
283,alfa,0
284,alfa,1
285,red_bull,1
286,ferrari,1
287,ferrari,0
288,ferrari,1
289,ferrari,1
290,ferrari,1
291,ferrari,1
292,ferrari,1
293,racing_point,1
294,mercedes,1
295,mercedes,1
296,mercedes,1
297,mercedes,1
298,mercedes,1
299,mercedes,1
300,mercedes,1
301,mercedes,1
302,williams,1
303,williams,1
304,williams,1
305,williams,1
306,caterham,1
307,red_bull,1
308,red_bull,1
309,red_bull,1
310,red_bull,1
311,red_bull,0
312,renault,0
313,renault,1
314,renault,1
315,mclaren,1
316,manor,1
317,alfa,1
318,alfa,1
319,alphatauri,0
322,renault,1
324,mclaren,1
325,mclaren,1
326,ferrari,1
327,alphatauri,0
328,alphatauri,1
329,red_bull,0
331,red_bull,1
332,red_bull,1
334,red_bull,1
335,manor,1
336,renault,0
337,renault,1
338,manor,1
339,alfa,1
340,manor,1
341,mclaren,1
342,mclaren,0
343,mclaren,1
344,racing_point,1
345,racing_point,1
346,renault,1
347,renault,1
348,renault,1
349,alfa,1
350,alfa,1
351,alfa,1
352,alfa,1
354,williams,1
355,racing_point,1
357,racing_point,1
358,racing_point,1
359,alphatauri,1
360,red_bull,1
361,alphatauri,1
362,alphatauri,1
364,alphatauri,1
365,alfa,1
366,ferrari,1
367,ferrari,1
369,ferrari,1
370,williams,1
371,mclaren,1
372,mclaren,1
373,mclaren,1
374,mclaren,1
375,alphatauri,1
376,red_bull,1
377,red_bull,1
378,williams,1
379,williams,1
380,mercedes,1
381,williams,1
382,williams,1
383,williams,1
384,williams,0
386,williams,1
387,haas,1
388,alphatauri,1
389,haas,1
391,mercedes,1
392,mercedes,1
393,mercedes,1
394,mclaren,1
395,renault,1
396,haas,1
397,haas,1
398,haas,1
399,mclaren,1
400,mclaren,1
401,mclaren,1
402,ferrari,1
403,mclaren,1
404,mclaren,1
405,mclaren,0
406,mclaren,1
407,williams,1
408,williams,1
409,williams,1
410,mercedes,1
411,mercedes,1
412,mercedes,1
413,racing_point,1
414,racing_point,0
415,racing_point,1
416,renault,1
417,renault,1
418,renault,0
419,ferrari,1
420,ferrari,1
421,ferrari,1
422,ferrari,1
423,ferrari,1
424,alfa,1
425,alphatauri,1
426,alphatauri,1
427,red_bull,0
428,red_bull,1
429,alphatauri,0
431,racing_point,1
432,racing_point,1
433,racing_point,1
434,racing_point,1
435,racing_point,1
436,racing_point,1
437,alfa,0
438,alfa,1
439,haas,1
440,manor,1
441,manor,1
442,renault,0
443,renault,1
444,haas,1
445,haas,1
446,haas,1
447,haas,1
448,renault,1
449,renault,0
450,caterham,1
451,alfa,1
452,alfa,1
453,alfa,1
454,alfa,1
455,red_bull,1
456,ferrari,1
457,ferrari,1
458,ferrari,1
459,ferrari,1
460,ferrari,1
461,mercedes,1
462,mercedes,1
463,mercedes,1
464,mercedes,1
465,mercedes,1
466,mercedes,1
467,williams,1
468,williams,1
469,williams,1
470,williams,1
471,caterham,1
472,red_bull,1
473,red_bull,1
474,red_bull,1
475,red_bull,1
476,red_bull,1
477,renault,1
478,manor,1
479,alfa,1
480,alfa,1
481,alphatauri,1
482,alphatauri,1
483,alphatauri,1
484,renault,1
485,mclaren,1
486,alphatauri,0
487,alphatauri,1
488,red_bull,1
489,red_bull,1
490,red_bull,1
491,manor,1
492,renault,1
493,renault,1
494,manor,1
495,manor,1
496,mclaren,0
497,mclaren,1
498,racing_point,1
499,racing_point,1
501,alfa,1
503,williams,1
504,racing_point,1
505,alphatauri,1
506,red_bull,1
508,alfa,1
509,ferrari,1
510,williams,1
512,alphatauri,1
513,williams,1
514,williams,1
515,mercedes,1
516,mercedes,1
518,mclaren,1
519,renault,1
520,haas,1
521,haas,1
522,haas,1
523,haas,1
524,mclaren,1
525,mclaren,1
526,mclaren,1
527,ferrari,1
528,mclaren,0
529,mclaren,0
530,mclaren,1
531,mclaren,1
532,renault,1
533,williams,1
534,williams,1
535,williams,1
536,mercedes,0
537,mercedes,1
538,mercedes,1
539,mercedes,1
540,mercedes,1
541,racing_point,1
542,racing_point,1
543,racing_point,0
544,renault,1
546,renault,1
547,ferrari,1
548,ferrari,1
549,ferrari,1
551,ferrari,0
552,alfa,1
553,alfa,1
554,alfa,1
555,alphatauri,0
556,alphatauri,1
557,red_bull,1
558,alphatauri,1
559,alphatauri,1
560,alphatauri,1
561,alphatauri,1
562,racing_point,1
563,racing_point,1
564,racing_point,1
565,racing_point,1
566,racing_point,1
567,racing_point,1
568,racing_point,1
569,red_bull,1
570,alfa,1
571,alfa,1
572,haas,1
573,manor,1
574,manor,1
575,renault,1
576,renault,1
577,haas,0
578,haas,1
580,haas,1
581,haas,1
582,renault,1
584,caterham,1
585,alfa,1
586,alfa,1
587,alfa,1
588,alfa,1
589,red_bull,1
590,ferrari,1
591,ferrari,1
592,ferrari,1
593,ferrari,1
594,ferrari,1
595,ferrari,1
596,racing_point,1
597,mercedes,1
598,mercedes,1
600,mercedes,1
601,mercedes,1
602,mercedes,1
603,mercedes,1
604,mercedes,1
605,williams,1
606,williams,1
607,williams,1
608,williams,1
609,caterham,0
610,red_bull,1
611,red_bull,1
612,red_bull,1
613,red_bull,1
614,red_bull,1
615,renault,1
616,renault,1
617,mclaren,1
618,manor,1
619,alfa,1
620,alfa,1
621,alphatauri,1
622,alphatauri,1
623,alphatauri,1
624,renault,1
625,mclaren,1
626,mclaren,1
627,ferrari,1
628,alphatauri,1
629,red_bull,1
631,red_bull,1
632,red_bull,1
633,red_bull,1
634,red_bull,1
635,manor,1
636,renault,1
637,renault,1
638,manor,1
639,alfa,1
640,manor,1
642,mclaren,0
643,racing_point,1
644,racing_point,0
645,renault,1
646,renault,1
647,alfa,1
648,alfa,1
649,alfa,1
650,williams,1
651,williams,1
653,racing_point,1
654,racing_point,1
656,red_bull,1
657,alphatauri,1
658,alphatauri,1
659,alphatauri,1
660,alfa,1
661,ferrari,1
662,ferrari,0
663,ferrari,1
664,williams,1
666,mclaren,1
667,mclaren,1
668,alphatauri,1
669,red_bull,1
670,williams,1
671,williams,1
672,williams,1
673,williams,1
674,williams,1
675,williams,1
676,alphatauri,0
677,haas,1
678,haas,1
679,mercedes,1
680,mercedes,1
681,mercedes,1
682,mclaren,1
684,haas,1
685,haas,1
686,haas,1
687,mclaren,1
688,mclaren,1
689,mclaren,1
691,ferrari,1
692,mclaren,0
693,mclaren,1
694,mclaren,0
695,renault,1
696,williams,0
697,williams,1
698,williams,1
699,mercedes,1
700,mercedes,1
701,mercedes,1
702,mercedes,0
703,racing_point,1
704,racing_point,1
705,racing_point,1
706,renault,0
707,renault,1
708,renault,1
709,ferrari,1
710,ferrari,1
712,ferrari,1
713,ferrari,1
714,alfa,1
715,alfa,1
716,alphatauri,0
717,alphatauri,0
718,red_bull,1
721,alphatauri,1
723,racing_point,1
724,racing_point,1
725,racing_point,1
726,racing_point,1
727,racing_point,1
728,red_bull,1
731,haas,1
732,manor,1
733,manor,1
734,renault,1
735,renault,1
736,haas,1
737,haas,1
738,haas,1
739,haas,1
741,renault,0
742,caterham,1
743,alfa,1
746,alfa,1
747,red_bull,0
748,ferrari,1
749,ferrari,1
750,ferrari,1
751,ferrari,1
752,ferrari,1
753,racing_point,1
754,mercedes,1
755,mercedes,1
756,mercedes,1
757,mercedes,1
758,mercedes,1
759,mercedes,1
760,mercedes,1
761,williams,1
762,williams,1
763,williams,1
764,williams,1
765,caterham,1
766,red_bull,1
767,red_bull,1
768,red_bull,1
769,red_bull,1
770,red_bull,1
771,renault,1
772,mclaren,1
773,manor,1
774,alfa,1
776,alphatauri,1
777,alphatauri,1
778,alphatauri,1
779,renault,1
780,mclaren,1
781,ferrari,1
784,red_bull,1
785,red_bull,1
786,red_bull,1
787,red_bull,1
788,manor,1
790,renault,1
791,manor,1
793,manor,1
795,mclaren,1
796,racing_point,1
797,racing_point,1
798,renault,1
799,alfa,1
800,alfa,1
801,williams,0
802,williams,1
803,racing_point,1
804,racing_point,1
805,alphatauri,1
806,red_bull,1
807,alphatauri,1
811,ferrari,0
812,williams,1
813,mclaren,1
814,mclaren,1
815,alphatauri,1
816,williams,1
817,williams,1
818,williams,1
819,williams,1
820,alphatauri,1
821,haas,1
822,haas,1
823,mercedes,1
824,mercedes,1
825,mercedes,1
826,mclaren,1
827,renault,1
828,haas,1
829,haas,1
830,haas,1
831,mclaren,1
833,mclaren,0
834,ferrari,1
835,mclaren,0
836,mclaren,1
837,mclaren,0
838,mclaren,0
839,williams,1
840,williams,1
841,williams,1
842,mercedes,1
843,mercedes,1
844,mercedes,1
845,racing_point,1
846,racing_point,1
847,racing_point,1
848,renault,1
849,renault,1
850,renault,1
851,ferrari,1
852,ferrari,1
853,ferrari,1
854,ferrari,1
855,ferrari,1
856,alfa,1
857,alphatauri,1
858,alphatauri,0
859,red_bull,1
860,alphatauri,1
861,alphatauri,0
862,alphatauri,1
864,racing_point,1
865,racing_point,1
866,racing_point,1
867,racing_point,1
868,racing_point,1
869,alfa,1
870,alfa,0
871,haas,1
875,renault,1
876,haas,1
877,haas,1
878,haas,1
879,haas,1
880,renault,0
881,renault,1
882,caterham,0
883,alfa,1
884,alfa,1
885,alfa,1
886,alfa,1
887,red_bull,1
888,ferrari,1
889,ferrari,1
890,ferrari,1
891,ferrari,1
892,ferrari,1
893,mercedes,0
894,mercedes,1
895,mercedes,1
896,mercedes,1
897,mercedes,1
898,mercedes,1
900,williams,1
903,caterham,0
904,red_bull,1
905,red_bull,1
906,red_bull,1
907,red_bull,1
908,red_bull,1
909,renault,1
910,manor,1
911,alfa,1
912,alfa,1
913,alphatauri,1
914,alphatauri,1
916,renault,1
917,mclaren,1
918,alphatauri,1
919,red_bull,1
920,red_bull,0
921,red_bull,1
922,red_bull,1
925,renault,1
926,manor,1
927,alfa,1
928,manor,1
929,mclaren,1
930,mclaren,1
931,racing_point,1
932,racing_point,1
933,alfa,1
934,williams,1
936,racing_point,1
937,alphatauri,1
938,red_bull,1
940,alfa,1
941,ferrari,1
942,williams,1
943,mclaren,0
945,williams,1
946,williams,1
947,mercedes,1
948,mercedes,1
949,mercedes,1
950,mclaren,1
951,renault,1
952,haas,0
953,haas,1
954,haas,1
955,haas,0
956,haas,1
957,mclaren,1
959,mclaren,1
960,ferrari,1
962,mclaren,0
964,mclaren,1
965,williams,1
966,williams,1
967,williams,1
968,mercedes,1
969,mercedes,0
970,mercedes,1
971,mercedes,1
972,mercedes,1
973,racing_point,1
974,racing_point,1
975,racing_point,0
976,renault,1
977,renault,0
978,renault,1
979,ferrari,1
981,ferrari,1
982,ferrari,1
983,ferrari,1
984,alfa,1
985,alfa,0
986,alfa,1
987,alphatauri,0
988,alphatauri,0
989,red_bull,1
991,alphatauri,1
992,alphatauri,1
993,alphatauri,0
994,alphatauri,1
995,racing_point,1
996,racing_point,1
997,racing_point,0
998,racing_point,1
999,racing_point,1
1000,racing_point,1
1001,racing_point,1
1002,racing_point,1
1003,alfa,1
1004,alfa,1
1005,haas,1
1006,manor,1
1007,manor,1
1008,renault,1
1009,renault,0
1010,haas,1
1011,haas,1
1012,haas,1
1013,haas,1
1014,haas,0
1015,haas,1
1016,renault,1
1017,renault,1
1018,caterham,1
1019,alfa,1
1020,alfa,1
1021,alfa,1
1022,alfa,1
1023,red_bull,0
1024,ferrari,1
1026,ferrari,1
1027,ferrari,1
1028,ferrari,1
1029,ferrari,1
1031,mercedes,1
1032,mercedes,1
1033,mercedes,1
1034,mercedes,1
1035,mercedes,0
1036,mercedes,1
1037,mercedes,1
1038,mercedes,1
1039,williams,1
1040,williams,1
1041,williams,0
1042,williams,1
1043,caterham,1
1044,red_bull,1
1045,red_bull,1
1046,red_bull,1
1047,red_bull,1
1048,red_bull,0
1049,renault,1
1050,renault,0
1051,renault,1
1052,manor,0
1053,alfa,1
1054,alfa,1
1055,alphatauri,0
1056,alphatauri,1
1057,alphatauri,0
1058,renault,1
1059,mclaren,1
1060,mclaren,1
1061,mclaren,1
1062,alphatauri,1
1063,red_bull,1
1065,red_bull,1
1066,red_bull,1
1067,red_bull,0
1068,red_bull,1
1069,manor,1
1070,renault,1
1071,renault,1
1072,manor,1
1073,alfa,1
1074,manor,1
1075,mclaren,1
1077,racing_point,1
1078,racing_point,1
1079,renault,1
1080,renault,0
1081,alfa,1
1082,alfa,1
1083,alfa,1
1084,williams,1
1085,williams,1
1086,racing_point,1
1087,racing_point,0
1088,racing_point,1
1089,alphatauri,1
1090,red_bull,1
1091,alphatauri,1
1092,alphatauri,1
1093,alphatauri,0
1094,alfa,1
1095,ferrari,1
1096,ferrari,1
1098,williams,1
1099,mclaren,1
1100,mclaren,1
1101,mclaren,1
1102,alphatauri,1
1103,red_bull,0
1104,red_bull,1
1105,williams,1
1106,williams,0
1107,williams,1
1108,williams,1
1109,williams,1
1110,williams,1
1111,,0
1112,,0
1113,mercedes,0
1114,mercedes,1
1115,mercedes,1
1116,mclaren,1
1117,renault,0
1118,haas,1
1119,haas,1
1123,mclaren,1
1125,mclaren,1
1126,ferrari,1
1127,mclaren,1
1128,mclaren,1
1129,mclaren,0
1130,mclaren,1
1131,williams,1
1132,williams,1
1133,williams,1
1134,mercedes,1
1135,mercedes,1
1136,mercedes,1
1137,mercedes,1
1138,mercedes,1
1139,racing_point,1
1140,racing_point,1
1141,racing_point,1
1142,renault,1
1143,renault,1
1144,renault,1
1145,racing_point,0
1146,racing_point,1
1148,ferrari,1
1149,ferrari,1
1150,ferrari,1
1151,ferrari,1
1152,alfa,1
1153,alfa,1
1154,alfa,1
1155,alphatauri,1
1156,alphatauri,1
1157,red_bull,1
1158,alphatauri,1
1159,alphatauri,1
1160,alphatauri,1
1162,alphatauri,1
1163,racing_point,1
1164,racing_point,1
1165,racing_point,1
1166,racing_point,1
1167,racing_point,1
1168,racing_point,1
1169,alfa,1
1171,haas,1
1172,manor,1
1173,manor,1
1174,renault,1
1177,haas,1
1180,haas,1
1181,haas,1
1182,renault,1
1184,caterham,0
1185,alfa,1
1186,alfa,0
1187,alfa,1
1189,red_bull,1
1190,ferrari,1
1191,ferrari,1
1192,ferrari,1
1193,ferrari,1
1194,ferrari,1
1195,ferrari,1
1196,ferrari,1
1197,mercedes,1
1198,mercedes,1
1199,mercedes,1
1200,mercedes,1
1201,mercedes,1
1202,mercedes,1
1203,mercedes,1
1204,mercedes,1
1206,williams,1
1207,williams,1
1208,williams,1
1209,caterham,1
1210,red_bull,1
1211,red_bull,0
1212,red_bull,1
1213,red_bull,1
1214,red_bull,1
1215,renault,1
1216,renault,1
1217,renault,1
1218,manor,1
1219,alfa,0
1220,alfa,1
1221,alphatauri,0
1222,alphatauri,1
1225,mclaren,1
1226,mclaren,1
1227,mclaren,1
1229,red_bull,1
1230,red_bull,1
1231,red_bull,0
1232,red_bull,1
1233,red_bull,1
1234,red_bull,1
1235,manor,1
1236,renault,0
1237,renault,0
1239,alfa,1
1241,mclaren,1
1242,mclaren,1
1243,racing_point,1
1244,racing_point,1
1245,renault,1
1246,renault,1
1248,alfa,1
1249,alfa,1
1250,williams,1
1251,williams,1
1252,racing_point,1
1253,racing_point,1
1254,racing_point,1
1255,alphatauri,1
1256,red_bull,1
1257,alphatauri,1
1258,alphatauri,1
1259,alphatauri,0
1261,ferrari,1
1262,ferrari,1
1263,ferrari,1
1264,williams,1
1265,mclaren,1
1266,mclaren,1
1267,mclaren,1
1268,alphatauri,1
1269,red_bull,1
1270,red_bull,1
1271,williams,1
1272,williams,1
1273,williams,1
1274,williams,1
1275,williams,1
1276,williams,1
1277,,0
1278,mercedes,1
1279,mercedes,1
1280,mclaren,1
1281,renault,1
1282,haas,1
1283,haas,1
1284,mclaren,1
1285,mclaren,1
1286,ferrari,1
1287,mclaren,1
1289,williams,1
1290,williams,1
1291,mercedes,1
1293,racing_point,1
1294,racing_point,1
1295,renault,1
1297,ferrari,1
1298,ferrari,1
1299,ferrari,1
1300,alfa,1
1301,alphatauri,1
1302,alphatauri,0
1303,alphatauri,1
1304,alphatauri,1
1305,racing_point,1
1306,racing_point,1
1307,racing_point,1
1309,alfa,0
1310,alfa,1
1311,haas,1
1312,manor,1
1313,manor,1
1314,renault,0
1315,haas,1
1316,haas,1
1317,haas,1
1318,renault,1
1319,caterham,1
1320,alfa,1
1321,alfa,1
1322,red_bull,1
1323,ferrari,1
1325,ferrari,1
1326,mercedes,1
1327,mercedes,1
1328,mercedes,1
1329,mercedes,1
1331,williams,0
1332,caterham,1
1333,red_bull,1
1334,red_bull,1
1335,red_bull,0
1336,renault,0
1337,alfa,0
1338,alphatauri,1
1339,renault,1
1340,mclaren,1
1341,red_bull,1
1342,red_bull,1
1343,red_bull,1
1344,renault,1
1345,manor,1
1346,manor,1
1347,mclaren,1
1348,racing_point,1
1349,alfa,1
1350,williams,0
1351,racing_point,1
1352,alphatauri,1
1354,alphatauri,1
1355,alfa,1
1357,williams,0
1358,mclaren,0
1359,alphatauri,1
1360,williams,1
1361,williams,1
1362,mercedes,1
1363,mercedes,1
1364,mercedes,1
1365,mclaren,1
1366,renault,1
1367,haas,1
1368,haas,1
1369,haas,1
1370,haas,1
1371,mclaren,1
1372,mclaren,1
1373,mclaren,0
1374,ferrari,1
1375,mclaren,1
1376,mclaren,1
1377,mclaren,1
1378,mclaren,1
1379,williams,1
1380,williams,1
1381,williams,1
1382,mercedes,1
1383,mercedes,1
1384,mercedes,1
1385,mercedes,1
1388,racing_point,1
1389,renault,0
1390,renault,1
1391,renault,1
1392,ferrari,1
1393,ferrari,0
1394,ferrari,1
1395,ferrari,1
1396,ferrari,1
1397,alfa,1
1398,alfa,1
1399,alphatauri,1
1400,alphatauri,1
1401,red_bull,1
1402,alphatauri,1
1403,alphatauri,1
1404,alphatauri,1
1405,alphatauri,1
1407,racing_point,0
1408,racing_point,1
1409,racing_point,1
1410,racing_point,1
1411,racing_point,1
1412,racing_point,1
1413,alfa,1
1415,haas,1
1416,manor,1
1417,manor,1
1419,renault,1
1420,haas,1
1421,haas,0
1422,haas,1
1423,haas,0
1424,haas,1
1425,renault,1
1426,renault,1
1428,alfa,1
1429,alfa,1
1430,alfa,1
1431,alfa,1
1432,red_bull,1
1433,ferrari,1
1434,ferrari,1
1435,ferrari,1
1436,ferrari,1
1437,ferrari,1
1438,ferrari,1
1439,mercedes,1
1440,mercedes,1
1441,mercedes,1
1442,mercedes,1
1443,mercedes,1
1444,mercedes,1
1445,mercedes,1
1446,williams,1
1447,williams,1
1448,williams,1
1450,red_bull,1
1451,red_bull,1
1452,red_bull,1
1454,red_bull,1
1455,renault,1
1456,renault,1
1457,manor,1
1458,alfa,1
1459,alfa,1
1460,alphatauri,0
1461,alphatauri,1
1462,alphatauri,1
1463,renault,1
1464,mclaren,1
1465,mclaren,1
1466,alphatauri,1
1467,red_bull,1
1468,red_bull,1
1469,red_bull,0
1470,red_bull,1
1471,red_bull,1
1472,manor,1
1473,renault,1
1474,renault,1
1475,manor,1
1476,alfa,1
1477,manor,1
1478,mclaren,1
1479,mclaren,0
1480,racing_point,1
1481,racing_point,1
1482,renault,1
1483,alfa,1
1484,alfa,1
1485,williams,1
1486,williams,1
1487,racing_point,1
1488,racing_point,1
1489,williams,0
1490,alphatauri,1
1491,red_bull,1
1492,alphatauri,0
1493,alphatauri,1
1494,alfa,0
1495,ferrari,1
1496,ferrari,1
1497,williams,1
1498,mclaren,1
1499,mclaren,1
1500,alphatauri,1
1501,red_bull,1
1502,williams,1
1503,williams,1
1504,williams,1
1505,williams,1
1506,,0
1507,mercedes,1
1508,mercedes,1
1509,mercedes,1
1510,mclaren,1
1512,haas,1
1513,haas,1
1514,haas,1
1515,haas,1
1516,mclaren,1
1517,mclaren,1
1519,ferrari,1
1520,mclaren,1
1521,mclaren,1
1522,mclaren,0
1524,williams,1
1525,williams,0
1526,williams,1
1527,mercedes,1
1528,mercedes,1
1529,mercedes,1
1530,mercedes,1
1531,racing_point,1
1532,racing_point,0
1533,racing_point,1
1534,renault,1
1536,renault,1
1537,ferrari,1
1538,ferrari,1
1539,ferrari,1
1540,ferrari,1
1541,ferrari,0
1542,alfa,1
1543,alfa,1
1544,alphatauri,1
1545,alphatauri,1
1546,red_bull,1
1547,alphatauri,1
1548,alphatauri,1
1549,alphatauri,1
1550,alphatauri,1
1551,racing_point,1
1552,racing_point,1
1553,racing_point,1
1554,racing_point,0
1555,racing_point,1
1556,racing_point,1
1557,racing_point,1
1558,alfa,1
1559,alfa,1
1560,haas,1
1561,manor,1
1562,manor,0
1564,renault,1
1565,haas,1
1566,haas,1
1567,haas,1
1568,haas,1
1569,haas,1
1570,renault,0
1571,renault,0
1572,caterham,1
1573,alfa,1
1574,alfa,0
1575,alfa,1
1576,alfa,1
1577,red_bull,1
1579,ferrari,1
1580,ferrari,1
1581,ferrari,1
1582,ferrari,1
1583,ferrari,1
1585,mercedes,1
1586,mercedes,1
1587,mercedes,1
1588,mercedes,1
1589,mercedes,1
1590,mercedes,1
1591,williams,1
1592,williams,1
1593,williams,1
1594,williams,1
1595,red_bull,1
1596,red_bull,0
1597,red_bull,1
1598,red_bull,1
1600,renault,1
1601,renault,1
1602,caterham,0
1603,manor,1
1604,manor,0
1605,alfa,1
1606,alfa,1
1607,alphatauri,0
1609,alphatauri,1
1610,renault,1
1611,mclaren,0
1612,mclaren,0
1613,alphatauri,1
1614,red_bull,1
1615,red_bull,0
1616,red_bull,1
1618,red_bull,1
1619,manor,1
1620,manor,0
1621,renault,1
1622,renault,1
1625,mclaren,1
1626,mclaren,1
1627,manor,1
1628,racing_point,1
1629,racing_point,1
1630,renault,1
1633,williams,1
1634,williams,1
1635,racing_point,1
1636,racing_point,1
1637,alphatauri,1
1638,alphatauri,1
1639,alphatauri,1
1640,alphatauri,1
1642,ferrari,1
1643,ferrari,1
1644,williams,1
1645,mclaren,0
1646,mclaren,1
1647,red_bull,1
1648,red_bull,1
1649,williams,1
1650,williams,0
1651,williams,1
1652,williams,1
1653,,0
1654,mercedes,1
1655,mercedes,1
1656,mercedes,1
1657,mclaren,1
1658,renault,1
1659,haas,1
1660,haas,1
1661,haas,0
1662,haas,0
1663,mclaren,1
1664,mclaren,1
1665,mclaren,1
1666,ferrari,0
1667,mclaren,1
1668,mclaren,1
1669,mclaren,0
1670,mclaren,0
1671,williams,1
1672,williams,1
1673,williams,1
1674,mercedes,1
1675,mercedes,1
1676,mercedes,1
1677,mercedes,1
1678,racing_point,1
1679,racing_point,1
1680,racing_point,1
1681,renault,1
1682,renault,1
1683,renault,1
1684,ferrari,1
1685,ferrari,1
1686,ferrari,1
1687,ferrari,1
1688,ferrari,1
1689,alfa,1
1690,alfa,1
1691,alphatauri,1
1692,alphatauri,1
1693,red_bull,1
1694,alphatauri,0
1695,alphatauri,1
1696,alphatauri,0
1697,alphatauri,1
1698,racing_point,1
1699,racing_point,1
1700,racing_point,1
1701,racing_point,1
1702,racing_point,1
1703,racing_point,1
1704,racing_point,1
1705,alfa,1
1706,alfa,1
1707,haas,1
1709,manor,1
1710,renault,1
1712,haas,1
1713,haas,1
1715,haas,1
1716,haas,1
1717,renault,1
1719,caterham,1
1720,alfa,1
1721,alfa,1
1722,alfa,0
1723,alfa,1
1724,red_bull,1
1725,ferrari,1
1726,ferrari,1
1727,ferrari,1
1728,ferrari,1
1729,ferrari,1
1730,ferrari,0
1731,mercedes,1
1732,mercedes,1
1733,mercedes,1
1734,mercedes,1
1735,mercedes,1
1736,mercedes,1
1737,mercedes,1
1738,williams,1
1739,williams,1
1740,williams,1
1741,williams,1
1742,caterham,1
1743,red_bull,1
1744,red_bull,1
1745,red_bull,1
1746,red_bull,1
1747,red_bull,0
1748,renault,1
1749,renault,1
1750,manor,1
1751,alfa,1
1753,alphatauri,1
1754,alphatauri,1
1755,alphatauri,1
1756,renault,1
1757,mclaren,0
1758,mclaren,1
1759,alphatauri,1
1760,red_bull,1
1761,red_bull,1
1762,red_bull,1
1763,red_bull,1
1764,red_bull,0
1765,manor,1
1767,renault,0
1768,manor,0
1769,alfa,1
1770,mclaren,0
1771,mclaren,1
1772,manor,1
1773,racing_point,1
1774,racing_point,1
1775,renault,1
1776,alfa,1
1777,alfa,1
1778,williams,1
1779,williams,1
1780,racing_point,1
1781,racing_point,1
1782,alphatauri,1
1783,alphatauri,1
1784,alphatauri,1
1785,alphatauri,0
1786,alfa,1
1787,ferrari,1
1789,williams,1
1790,mclaren,1
1791,mclaren,1
1792,red_bull,1
1793,red_bull,1
1794,williams,1
1795,williams,1
1796,williams,1
1797,williams,1
1798,,0
1799,mercedes,0
1800,mercedes,1
1801,mercedes,1
1802,mclaren,1
1803,renault,1
1804,haas,0
1805,haas,1
1806,haas,1
1808,mclaren,0
1809,mclaren,0
1810,ferrari,1
1811,mclaren,0
1812,mclaren,1
1814,mclaren,1
1815,williams,1
1816,williams,1
1817,williams,0
1818,mercedes,1
1819,mercedes,1
1820,mercedes,1
1821,racing_point,1
1824,renault,0
1825,renault,1
1826,renault,1
1827,ferrari,1
1828,ferrari,1
1829,ferrari,1
1831,ferrari,1
1833,alphatauri,1
1834,alphatauri,1
1835,red_bull,1
1836,alphatauri,1
1838,alphatauri,1
1839,racing_point,1
1840,racing_point,1
1841,racing_point,1
1842,racing_point,1
1843,racing_point,1
1844,racing_point,0
1845,alfa,0
1846,alfa,0
1847,haas,1
1848,manor,1
1849,manor,1
1850,renault,1
1853,haas,1
1854,haas,1
1855,haas,1
1856,renault,1
1857,renault,1
1858,caterham,1
1859,alfa,1
1860,alfa,1
1862,alfa,1
1863,red_bull,1
1864,ferrari,1
1865,ferrari,1
1867,ferrari,1
1868,ferrari,1
1869,mercedes,1
1870,mercedes,0
1871,mercedes,1
1872,mercedes,1
1873,mercedes,1
1874,mercedes,1
1875,williams,1
1876,williams,0
1877,williams,1
1878,williams,1
1879,caterham,0
1880,red_bull,1
1881,red_bull,1
1882,red_bull,1
1883,red_bull,1
1884,red_bull,1
1885,renault,1
1886,manor,1
1887,alfa,1
1888,alfa,1
1889,alphatauri,1
1890,alphatauri,1
1891,alphatauri,1
1892,renault,1
1893,mclaren,1
1894,alphatauri,1
1895,red_bull,1
1897,red_bull,1
1898,red_bull,1
1899,manor,1
1900,renault,1
1901,renault,1
1902,manor,1
1903,alfa,1
1904,mclaren,1
1905,mclaren,1
1906,manor,1
1907,racing_point,1
1909,alfa,1
1910,williams,1
1911,williams,1
1912,racing_point,1
1913,alphatauri,1
1914,alphatauri,1
1915,alphatauri,1
1916,alfa,1
1917,ferrari,1
1918,williams,1
1919,mclaren,1
1920,red_bull,1
1922,williams,1
1923,,0
1924,mercedes,1
1925,mercedes,1
1926,mercedes,1
1927,mclaren,1
1928,renault,1
1929,haas,1
1931,haas,1
1932,mclaren,1
1933,mclaren,1
1934,mclaren,1
1935,ferrari,0
1936,mclaren,1
1937,mclaren,1
1938,mclaren,1
1939,mclaren,1
1940,williams,1
1941,williams,1
1942,williams,1
1943,mercedes,1
1944,mercedes,1
1945,mercedes,1
1946,racing_point,1
1947,racing_point,1
1948,racing_point,1
1950,renault,0
1952,ferrari,1
1953,ferrari,1
1954,ferrari,1
1955,ferrari,1
1956,ferrari,1
1957,alfa,1
1958,alphatauri,1
1959,alphatauri,1
1960,red_bull,1
1961,alphatauri,1
1962,alphatauri,1
1963,racing_point,1
1964,racing_point,1
1965,racing_point,1
1966,racing_point,1
1967,racing_point,1
1968,racing_point,1
1970,alfa,1
1971,haas,1
1972,manor,1
1974,renault,1
1975,renault,1
1976,haas,1
1977,haas,1
1978,haas,1
1979,haas,1
1980,renault,1
1981,renault,1
1982,caterham,1
1983,alfa,1
1984,alfa,1
1986,alfa,1
1987,red_bull,1
1988,ferrari,1
1989,ferrari,1
1990,ferrari,0
1991,ferrari,1
1992,ferrari,1
1993,mercedes,1
1994,mercedes,1
1995,mercedes,1
1996,mercedes,1
1997,mercedes,1
1998,mercedes,1
1999,williams,1
2000,williams,1
2001,williams,1
2002,williams,1
2003,caterham,1
2004,red_bull,1
2005,red_bull,1
2006,red_bull,1
2007,red_bull,1
2008,red_bull,1
2010,manor,1
2012,alfa,1
2013,alphatauri,1
2014,alphatauri,1
2016,renault,1
2017,mclaren,1
2018,alphatauri,1
2019,red_bull,1
2020,red_bull,1
2021,red_bull,1
2022,red_bull,0
2023,manor,1
2024,renault,1
2025,renault,1
2026,manor,1
2027,alfa,1
2028,mclaren,1
2029,mclaren,1
2030,manor,1
2031,racing_point,1
2032,racing_point,1
2033,alfa,1
2034,williams,0
2035,williams,1
2036,racing_point,1
2037,alphatauri,1
2038,alphatauri,1
2039,alphatauri,1
2040,alphatauri,1
2041,alfa,0
2042,ferrari,1
2043,williams,1
2044,mclaren,1
2045,red_bull,1
2046,williams,1
2047,williams,1
2048,,0
2049,mercedes,1
2050,mercedes,0
2051,mercedes,1
2052,mclaren,1
2053,renault,1
2054,haas,1
2055,haas,1
2056,haas,1
2057,haas,1
2058,mclaren,1
2059,mclaren,1
2060,mclaren,1
2061,ferrari,1
2062,mclaren,1
2063,mclaren,1
2064,mclaren,0
2065,mclaren,1
2066,williams,1
2068,williams,1
2069,mercedes,1
2070,mercedes,1
2071,mercedes,1
2072,mercedes,1
2073,racing_point,1
2076,renault,1
2077,renault,1
2078,renault,1
2079,ferrari,1
2080,ferrari,1
2081,ferrari,1
2082,ferrari,1
2083,ferrari,1
2084,alfa,1
2085,alfa,1
2086,alphatauri,1
2087,alphatauri,1
2088,red_bull,1
2089,red_bull,1
2090,alphatauri,1
2091,alphatauri,1
2092,alphatauri,1
2093,racing_point,1
2094,racing_point,1
2095,racing_point,1
2096,racing_point,1
2097,racing_point,1
2098,racing_point,1
2099,racing_point,1
2100,alfa,1
2101,alfa,1
2102,haas,1
2103,manor,0
2104,renault,1
2106,haas,1
2108,haas,1
2110,haas,1
2111,renault,1
2112,renault,1
2113,caterham,1
2115,alfa,1
2116,alfa,1
2117,alfa,1
2118,red_bull,1
2119,ferrari,1
2121,ferrari,1
2122,ferrari,1
2123,ferrari,0
2124,ferrari,1
2125,mercedes,1
2126,mercedes,1
2127,mercedes,1
2128,mercedes,1
2129,mercedes,1
2130,mercedes,1
2131,mercedes,1
2132,williams,1
2133,williams,1
2134,williams,1
2135,williams,1
2136,caterham,0
2137,red_bull,1
2138,red_bull,0
2139,red_bull,1
2140,red_bull,0
2141,red_bull,1
2143,renault,1
2144,manor,1
2145,manor,0
2146,alfa,1
2147,alfa,1
2148,alphatauri,0
2149,alphatauri,1
2150,alphatauri,1
2151,renault,1
2152,mclaren,1
2154,alphatauri,1
2155,alphatauri,0
2156,red_bull,1
2157,red_bull,1
2158,red_bull,1
2159,red_bull,1
2160,manor,1
2161,manor,0
2162,renault,1
2164,manor,1
2165,alfa,1
2167,mclaren,1
2168,mclaren,1
2169,racing_point,1
2170,racing_point,1
2171,renault,1
2172,alfa,1
2173,alfa,1
2174,williams,1
2175,williams,1
2176,racing_point,1
2178,alphatauri,0
2179,alphatauri,1
2180,alphatauri,1
2181,alphatauri,0
2182,alfa,1
2183,ferrari,1
2184,ferrari,1
2185,williams,1
2186,mclaren,1
2187,mclaren,1
2188,red_bull,1
2189,red_bull,1
2190,williams,0
2191,williams,1
2192,williams,0
2193,williams,1
2194,,0
2195,mercedes,1
2196,mercedes,1
2197,mercedes,1
2198,mclaren,1
2199,renault,1
2200,haas,1
2202,haas,0
2203,mclaren,1
2204,mclaren,1
2205,mclaren,1
2206,ferrari,1
2207,mclaren,1
2208,mclaren,1
2209,mclaren,0
2211,williams,1
2213,williams,1
2214,mercedes,1
2215,mercedes,1
2216,mercedes,1
2217,racing_point,0
2220,renault,0
2221,renault,1
2222,renault,1
2223,ferrari,1
2224,ferrari,0
2225,ferrari,0
2226,ferrari,1
2227,ferrari,1
2228,alfa,1
2229,alphatauri,1
2230,alphatauri,1
2232,alphatauri,1
2233,alphatauri,1
2234,alphatauri,1
2236,racing_point,1
2237,racing_point,1
2238,racing_point,1
2239,racing_point,1
2240,racing_point,1
2242,alfa,1
2243,haas,0
2244,renault,1
2246,haas,1
2247,haas,1
2249,haas,1
2250,renault,1
2251,renault,1
2253,alfa,1
2254,alfa,1
2255,alfa,1
2256,red_bull,1
2257,ferrari,1
2258,ferrari,1
2259,ferrari,1
2260,ferrari,1
2261,ferrari,0
2262,mercedes,1
2263,mercedes,1
2264,mercedes,1
2265,mercedes,1
2266,mercedes,1
2267,mercedes,1
2268,williams,1
2270,williams,1
2271,williams,1
2272,red_bull,1
2273,red_bull,1
2274,red_bull,1
2275,red_bull,0
2276,red_bull,0
2277,renault,1
2279,manor,0
2280,alfa,1
2281,alfa,1
2282,alphatauri,1
2283,alphatauri,1
2284,renault,1
2285,renault,1
2286,mclaren,1
2287,alphatauri,1
2288,red_bull,0
2289,red_bull,1
2290,red_bull,1
2291,red_bull,1
2292,manor,1
2293,manor,0
2294,renault,1
2295,manor,1
2297,mclaren,1
2298,mclaren,1
2299,manor,1
2300,racing_point,1
2302,alfa,1
2303,williams,1
2304,williams,1
2305,racing_point,1
2306,alphatauri,1
2307,alphatauri,0
2308,alphatauri,1
2309,alphatauri,1
2311,ferrari,1
2312,williams,1
2313,mclaren,1
2314,red_bull,1
2315,williams,1
2316,williams,0
2317,,0
2318,mercedes,1
2319,mercedes,1
2320,mercedes,1
2321,mclaren,1
2322,renault,1
2324,haas,1
2325,haas,1
2326,mclaren,1
2327,mclaren,1
2328,mclaren,1
2329,ferrari,1
2330,mclaren,1
2331,mclaren,1
2332,mclaren,1
2333,mclaren,1
2334,williams,1
2335,williams,1
2336,williams,1
2337,mercedes,1
2338,mercedes,1
2339,mercedes,0
2340,racing_point,1
2341,racing_point,1
2342,racing_point,1
2343,renault,1
2344,renault,0
2345,renault,1
2346,ferrari,1
2347,ferrari,1
2349,ferrari,1
2350,ferrari,1
2351,alfa,1
2352,alphatauri,1
2353,alphatauri,1
2354,red_bull,1
2355,alphatauri,1
2356,alphatauri,1
2357,racing_point,1
2358,racing_point,1
2359,racing_point,1
2360,racing_point,1
2361,racing_point,1
2362,racing_point,1
2363,alfa,1
2364,alfa,1
2366,renault,1
2367,renault,1
2369,haas,1
2370,haas,1
2371,haas,1
2372,renault,1
2373,renault,1
2374,alfa,1
2376,alfa,1
2378,red_bull,1
2379,ferrari,1
2380,ferrari,1
2381,ferrari,1
2382,ferrari,1
2384,mercedes,1
2385,mercedes,1
2386,mercedes,1
2387,mercedes,1
2388,mercedes,1
2389,mercedes,1
2390,williams,1
2393,williams,1
2394,red_bull,0
2395,red_bull,1
2396,red_bull,1
2397,red_bull,1
2398,red_bull,1
2399,renault,1
2400,manor,1
2401,manor,0
2402,alfa,1
2403,alfa,1
2405,alphatauri,1
2406,renault,1
2407,renault,1
2408,mclaren,1
2409,alphatauri,1
2410,red_bull,1
2411,red_bull,1
2412,red_bull,1
2413,red_bull,1
2414,manor,1
2415,manor,0
2417,manor,1
2418,alfa,1
2420,mclaren,1
2421,manor,1
2423,racing_point,1
2424,alfa,1
2425,williams,1
2426,williams,1
2427,racing_point,0
2428,alphatauri,1
2429,alphatauri,1
2430,alphatauri,1
2431,alphatauri,0
2432,alphatauri,1
2433,alfa,1
2435,williams,1
2436,mclaren,1
2437,red_bull,1
2438,williams,1
2439,williams,1
2440,,0
2441,mercedes,1
2442,mercedes,1
2443,mercedes,1
2444,mclaren,1
2445,renault,0
2446,haas,1
2447,haas,1
2448,haas,1
2449,haas,1
2450,mclaren,1
2451,mclaren,1
2452,mclaren,0
2453,ferrari,1
2454,mclaren,1
2455,mclaren,1
2456,mclaren,1
2457,mclaren,1
2458,williams,1
2459,williams,1
2460,williams,0
2461,mercedes,1
2462,mercedes,1
2463,mercedes,1
2464,mercedes,1
2465,racing_point,1
2466,racing_point,1
2467,racing_point,1
2468,renault,1
2470,renault,1
2471,ferrari,1
2472,ferrari,1
2473,ferrari,1
2474,ferrari,1
2475,ferrari,0
2476,alfa,1
2477,alfa,1
2478,alphatauri,1
2479,alphatauri,0
2480,red_bull,1
2481,alphatauri,0
2482,alphatauri,1
2483,alphatauri,1
2484,racing_point,1
2485,racing_point,1
2486,racing_point,1
2487,racing_point,1
2488,racing_point,1
2489,racing_point,1
2490,racing_point,0
2491,alfa,1
2492,alfa,1
2493,haas,1
2494,renault,1
2495,renault,1
2496,haas,1
2497,haas,1
2498,haas,1
2499,haas,1
2500,renault,0
2502,alfa,1
2503,alfa,1
2504,alfa,1
2505,alfa,0
2506,red_bull,1
2507,ferrari,1
2508,ferrari,1
2509,ferrari,1
2510,ferrari,1
2511,ferrari,1
2512,ferrari,1
2513,mercedes,1
2514,mercedes,1
2515,mercedes,1
2516,mercedes,1
2517,mercedes,1
2518,mercedes,1
2519,mercedes,1
2520,williams,1
2521,williams,1
2522,williams,1
2523,williams,1
2525,red_bull,1
2526,red_bull,1
2527,red_bull,1
2528,red_bull,0
2529,red_bull,1
2530,renault,1
2531,renault,1
2532,caterham,1
2533,manor,1
2534,alfa,1
2535,alfa,1
2536,alphatauri,1
2538,renault,0
2539,renault,1
2540,mclaren,1
2541,mclaren,1
2542,alphatauri,1
2543,red_bull,1
2544,red_bull,1
2545,red_bull,1
2546,red_bull,1
2547,red_bull,1
2548,manor,1
2549,renault,1
2550,manor,1
2551,alfa,1
2552,mclaren,1
2553,mclaren,1
2554,manor,1
2555,racing_point,1
2556,racing_point,0
2557,renault,1
2558,alfa,1
2559,alfa,1
2560,williams,1
2561,williams,1
2562,racing_point,0
2563,racing_point,1
2564,alphatauri,1
2565,alphatauri,0
2566,alphatauri,1
2567,alphatauri,1
2568,alphatauri,1
2569,alphatauri,1
2570,alfa,1
2571,ferrari,1
2572,ferrari,1
2573,williams,1
2574,mclaren,1
2575,mclaren,1
2576,red_bull,1
2577,red_bull,1
2578,williams,1
2579,williams,1
2580,williams,1
2581,williams,1
2582,haas,1
2583,,0
2584,mercedes,1
2585,mercedes,1
2586,renault,1
2587,haas,1
2588,haas,1
2589,haas,1
2590,mclaren,1
2591,mclaren,1
2593,mclaren,1
2594,mclaren,1
2595,mclaren,0
2596,williams,1
2597,williams,1
2598,mercedes,1
2599,mercedes,1
2600,mercedes,1
2601,racing_point,1
2602,racing_point,1
2603,renault,0
2604,renault,1
2605,renault,1
2607,ferrari,1
2608,ferrari,1
2609,ferrari,1
2610,alfa,0
2611,red_bull,1
2612,alphatauri,1
2613,alphatauri,1
2614,racing_point,1
2615,racing_point,1
2616,racing_point,1
2617,racing_point,0
2618,racing_point,1
2619,haas,1
2620,renault,1
2621,haas,1
2622,haas,1
2623,haas,1
2624,haas,1
2625,renault,1
2626,alfa,1
2627,alfa,1
2628,alfa,0
2629,alfa,1
2631,ferrari,1
2632,ferrari,1
2633,ferrari,1
2634,ferrari,1
2635,mercedes,1
2636,mercedes,1
2637,mercedes,1
2638,mercedes,1
2639,mercedes,1
2640,williams,1
2641,williams,1
2642,williams,1
2643,red_bull,1
2644,red_bull,1
2645,red_bull,0
2646,red_bull,0
2647,renault,1
2648,manor,1
2649,manor,0
2650,alfa,0
2651,alfa,1
2652,alphatauri,1
2653,alphatauri,1
2654,renault,0
2655,renault,0
2656,mclaren,1
2657,alphatauri,1
2658,red_bull,1
2659,red_bull,1
2660,red_bull,1
2661,red_bull,1
2662,manor,1
2663,manor,0
2664,renault,1
2666,alfa,1
2667,mclaren,1
2668,mclaren,1
2669,manor,1
2670,racing_point,1
2671,racing_point,1
2672,alfa,1
2673,williams,1
2674,williams,1
2675,racing_point,1
2676,alphatauri,1
2677,alphatauri,1
2678,alphatauri,1
2679,alphatauri,0
2680,alphatauri,1
2681,alfa,1
2682,ferrari,1
2683,williams,1
2685,red_bull,1
2686,williams,1
2687,williams,1
2688,,0
2689,mercedes,1
2690,renault,1
2691,haas,1
2692,haas,1
2693,haas,1
2694,mclaren,1
2695,mclaren,0
2696,mclaren,1
2697,mclaren,1
2698,renault,1
2699,williams,1
2700,mercedes,1
2702,mercedes,1
2703,mercedes,1
2704,racing_point,1
2707,renault,1
2708,ferrari,1
2709,ferrari,0
2710,ferrari,1
2711,alfa,1
2712,alfa,1
2713,alphatauri,0
2714,alphatauri,0
2716,racing_point,1
2717,racing_point,0
2718,racing_point,1
2719,racing_point,1
2720,red_bull,1
2721,haas,1
2722,haas,1
2723,haas,1
2725,haas,0
2726,alfa,1
2727,alfa,1
2728,alfa,1
2729,ferrari,1
2730,ferrari,1
2731,ferrari,1
2732,ferrari,1
2733,racing_point,1
2734,mercedes,1
2735,mercedes,1
2736,mercedes,1
2737,mercedes,1
2738,mercedes,1
2739,williams,1
2740,williams,0
2741,red_bull,1
2742,red_bull,1
2745,mclaren,1
2746,alfa,1
2747,alphatauri,0
2748,alphatauri,1
2749,renault,1
2750,mclaren,1
2751,ferrari,1
2752,red_bull,1
2753,red_bull,0
2755,red_bull,1
2757,renault,1
2758,renault,0
2759,manor,0
2760,alfa,1
2761,manor,1
2762,mclaren,1
2763,mclaren,1
2764,racing_point,1
2766,renault,0
2767,alfa,1
2768,alfa,1
2769,williams,1
2770,williams,1
2771,racing_point,1
2773,alphatauri,1
2774,red_bull,0
2775,alphatauri,1
2776,alphatauri,1
2777,alfa,1
2778,ferrari,1
2779,ferrari,1
2781,mclaren,1
2782,mclaren,1
2783,alphatauri,1
2784,williams,1
2785,williams,0
2786,williams,1
2787,williams,1
2788,alphatauri,1
2789,haas,1
2790,haas,1
2791,haas,1
2792,haas,1
2793,mclaren,0
2794,renault,1
2795,mercedes,1
2796,mercedes,1
2797,mercedes,1
2798,renault,1
2799,renault,1
2800,ferrari,1
2801,alfa,1
2802,alfa,1
2803,alphatauri,1
2804,racing_point,0
2805,racing_point,1
2806,red_bull,1
2807,haas,1
2809,alfa,1
2810,ferrari,1
2811,ferrari,1
2812,racing_point,1
2813,mercedes,1
2814,mercedes,1
2815,mercedes,1
2816,red_bull,1
2817,renault,1
2818,mclaren,1
2819,renault,1
2820,mclaren,1
2821,ferrari,1
2822,red_bull,1
2823,red_bull,1
2824,red_bull,1
2825,mclaren,1
2827,renault,1
2828,alfa,1
2829,alfa,1
2831,racing_point,1
2832,racing_point,1
2834,red_bull,1
2835,alphatauri,1
2836,alphatauri,1
2837,alfa,1
2838,ferrari,1
2839,ferrari,1
2840,williams,1
2841,mclaren,1
2842,mclaren,1
2843,alphatauri,1
2844,williams,1
2845,williams,1
2846,williams,1
2847,williams,1
2848,alphatauri,1
2849,haas,1
2850,haas,1
2852,mercedes,1
2853,alfa,1
2854,alphatauri,1
2855,racing_point,1
2856,haas,1
2857,ferrari,1
2858,mercedes,1
2859,renault,1
2862,renault,0
2866,ferrari,1
2867,mclaren,1
2868,red_bull,1
2869,williams,1
2871,haas,1
2872,mercedes,0
2873,racing_point,1
2874,alfa,1
2875,alphatauri,1
2876,racing_point,1
2877,haas,1
2878,ferrari,1
2879,mercedes,1
2880,renault,1
2881,mclaren,1
2882,red_bull,1
2883,renault,0
2884,alfa,1
2885,alphatauri,1
2886,ferrari,1
2887,mclaren,0
2888,red_bull,0
2890,williams,1
2891,haas,1
2892,renault,1
2893,mercedes,1
2894,mercedes,1
2895,alfa,1
2897,alphatauri,1
2898,racing_point,1
2899,red_bull,1
2900,haas,1
2901,ferrari,1
2902,racing_point,1
2903,mercedes,1
2904,mercedes,1
2905,renault,1
2906,mclaren,1
2907,mclaren,1
2908,ferrari,1
2909,red_bull,1
2910,red_bull,1
2911,renault,1
2912,renault,1
2913,alfa,1
2914,alfa,1
2916,racing_point,1
2917,alphatauri,1
2918,alphatauri,1
2919,ferrari,1
2920,ferrari,1
2921,mclaren,1
2922,mclaren,1
2923,red_bull,1
2924,williams,1
2925,williams,1
2926,williams,1
2927,williams,1
2928,alphatauri,1
2929,haas,1
2930,haas,1
2932,renault,1
2933,mercedes,1
2935,alfa,1
2936,alfa,1
2937,alphatauri,1
2938,racing_point,1
2939,red_bull,1
2940,haas,1
2941,ferrari,1
2942,racing_point,0
2943,mercedes,1
2944,mercedes,1
2945,renault,1
2946,mclaren,1
2947,mclaren,1
2948,ferrari,1
2950,red_bull,1
2951,renault,0
2952,renault,1
2953,alfa,1
2954,alfa,1
2955,racing_point,1
2956,racing_point,1
2957,alphatauri,0
2958,alphatauri,1
2959,ferrari,1
2960,ferrari,1
2961,mclaren,1
2962,mclaren,1
2963,red_bull,1
2966,williams,1
2968,alphatauri,1
2969,haas,1
2970,haas,1
2972,mercedes,1
2973,alfa,1
2974,alphatauri,1
2975,racing_point,1
2977,ferrari,1
2978,mercedes,1
2979,renault,1
2980,mclaren,1
2981,red_bull,1
2982,renault,1
2983,alfa,0
2984,racing_point,1
2985,alphatauri,1
2986,ferrari,1
2987,mclaren,1
2988,red_bull,1
2989,williams,1
2991,,0
2992,,0
