,season,constructor,fault
0,2014,mercedes,0
1,2015,mercedes,0
2,2016,mercedes,0
3,2014,mclaren,0
5,2016,renault,0
6,2017,haas,1
7,2018,haas,1
8,2019,haas,0
9,2014,mclaren,0
10,2015,mclaren,0
11,2016,mclaren,0
12,2014,ferrari,0
14,2017,mclaren,1
15,2018,mclaren,0
16,2014,williams,0
18,2016,williams,0
19,2017,mercedes,0
20,2018,mercedes,0
21,2019,mercedes,0
22,2014,racing_point,0
23,2015,racing_point,0
24,2016,racing_point,0
25,2017,renault,0
26,2018,renault,0
27,2019,renault,0
28,2014,ferrari,0
29,2015,ferrari,1
30,2016,ferrari,1
31,2017,ferrari,0
32,2018,ferrari,0
33,2019,alfa,0
34,2014,alphatauri,0
35,2014,alphatauri,0
38,2017,alphatauri,0
39,2019,alphatauri,0
40,2014,racing_point,0
41,2015,racing_point,0
42,2016,racing_point,0
43,2017,racing_point,0
44,2018,racing_point,0
45,2019,racing_point,0
46,2014,alfa,0
47,2014,alfa,0
49,2014,manor,0
50,2014,manor,0
51,2014,renault,1
52,2015,renault,1
53,2016,haas,0
54,2017,haas,1
55,2018,haas,1
56,2019,haas,1
57,2014,renault,1
59,2014,caterham,1
60,2015,alfa,0
61,2016,alfa,1
62,2017,alfa,1
63,2018,alfa,1
64,2014,red_bull,1
65,2015,ferrari,0
66,2016,ferrari,0
67,2017,ferrari,0
68,2018,ferrari,0
69,2019,ferrari,0
70,2014,mercedes,1
71,2015,mercedes,0
72,2016,mercedes,0
73,2017,mercedes,0
74,2018,mercedes,0
75,2019,mercedes,0
77,2015,williams,0
78,2016,williams,0
79,2017,williams,0
82,2015,red_bull,0
83,2016,red_bull,0
84,2017,red_bull,1
85,2018,red_bull,0
87,2015,alfa,0
88,2016,alfa,0
89,2015,alphatauri,0
90,2016,alphatauri,0
91,2017,alphatauri,0
92,2018,renault,0
93,2019,mclaren,1
94,2015,alphatauri,1
95,2016,alphatauri,0
96,2017,red_bull,0
97,2018,red_bull,0
98,2019,red_bull,0
99,2016,renault,0
100,2017,renault,1
101,2016,manor,0
102,2016,manor,1
103,2017,mclaren,0
104,2018,mclaren,0
105,2017,racing_point,0
106,2018,racing_point,0
107,2017,alfa,0
108,2019,alfa,0
109,2017,williams,1
110,2018,williams,0
111,2019,racing_point,0
112,2018,alphatauri,1
113,2019,red_bull,0
114,2018,alphatauri,0
115,2018,alfa,0
116,2019,ferrari,0
117,2018,williams,1
118,2019,mclaren,0
119,2019,alphatauri,0
120,2019,williams,0
121,2019,williams,0
122,2021,,1
123,2014,mercedes,0
124,2015,mercedes,0
125,2016,mercedes,0
126,2014,mclaren,0
127,2016,renault,1
128,2017,haas,0
129,2014,mclaren,0
130,2015,mclaren,1
131,2016,mclaren,0
132,2014,ferrari,0
133,2015,mclaren,1
134,2016,mclaren,0
135,2017,mclaren,0
136,2014,williams,0
137,2015,williams,0
138,2016,williams,0
139,2017,mercedes,0
140,2014,racing_point,0
141,2015,racing_point,0
142,2016,racing_point,0
143,2017,renault,0
144,2014,ferrari,0
145,2015,ferrari,0
146,2016,ferrari,0
147,2017,ferrari,1
148,2014,alphatauri,1
149,2014,alphatauri,0
150,2015,red_bull,0
151,2016,alphatauri,0
153,2015,racing_point,0
154,2016,racing_point,0
155,2017,racing_point,0
156,2014,alfa,1
157,2014,alfa,1
158,2016,haas,1
159,2014,manor,0
160,2014,manor,1
161,2014,renault,0
162,2015,renault,0
163,2016,haas,1
164,2017,haas,0
165,2014,renault,1
167,2014,caterham,0
169,2016,alfa,0
170,2017,alfa,0
171,2014,red_bull,0
172,2015,ferrari,0
174,2017,ferrari,0
175,2014,mercedes,0
176,2015,mercedes,0
177,2016,mercedes,1
178,2017,mercedes,0
179,2014,williams,0
180,2015,williams,0
181,2016,williams,0
182,2017,williams,0
183,2014,caterham,0
184,2014,red_bull,1
185,2015,red_bull,0
186,2016,red_bull,0
187,2017,red_bull,0
188,2015,manor,1
189,2015,alfa,0
190,2016,alfa,1
191,2015,alphatauri,0
192,2016,alphatauri,0
193,2017,alphatauri,1
194,2015,alphatauri,0
195,2016,red_bull,0
196,2017,red_bull,0
197,2015,manor,0
198,2016,renault,0
199,2017,renault,0
200,2016,manor,0
201,2017,alfa,0
202,2017,mclaren,0
203,2016,manor,0
204,2017,racing_point,0
205,2017,williams,0
206,2017,alphatauri,0
207,2014,mercedes,0
208,2015,mercedes,0
209,2016,mercedes,0
210,2014,mclaren,1
211,2016,renault,0
212,2017,haas,1
213,2018,haas,0
214,2019,haas,0
215,2020,haas,0
216,2020,haas,0
217,2014,mclaren,1
218,2015,mclaren,1
219,2016,mclaren,1
220,2014,ferrari,0
221,2015,mclaren,0
222,2017,mclaren,1
223,2018,mclaren,0
224,2021,renault,1
225,2014,williams,0
226,2015,williams,0
227,2016,williams,0
228,2017,mercedes,0
229,2018,mercedes,0
230,2019,mercedes,0
231,2020,mercedes,0
232,2020,mercedes,0
233,2021,mercedes,0
234,2014,racing_point,0
235,2015,racing_point,0
236,2016,racing_point,0
237,2017,renault,0
238,2018,renault,0
239,2019,renault,1
240,2014,ferrari,0
241,2015,ferrari,0
242,2016,ferrari,0
243,2017,ferrari,0
244,2018,ferrari,1
245,2019,alfa,0
246,2020,alfa,0
247,2020,alfa,0
248,2021,alfa,0
250,2014,alphatauri,0
251,2015,red_bull,0
252,2016,red_bull,0
253,2017,alphatauri,0
254,2019,alphatauri,0
255,2020,alphatauri,0
256,2020,alphatauri,0
257,2014,racing_point,0
258,2015,racing_point,0
259,2016,racing_point,0
260,2017,racing_point,0
261,2018,racing_point,0
262,2019,racing_point,0
263,2020,racing_point,1
264,2020,racing_point,0
265,2021,red_bull,0
269,2014,manor,0
270,2014,manor,0
271,2014,renault,0
272,2015,renault,0
273,2016,haas,0
274,2017,haas,0
275,2018,haas,0
278,2014,renault,0
279,2015,renault,0
281,2015,alfa,0
282,2016,alfa,0
283,2017,alfa,1
284,2018,alfa,0
285,2014,red_bull,0
286,2015,ferrari,0
287,2016,ferrari,1
288,2017,ferrari,0
289,2018,ferrari,0
290,2019,ferrari,0
291,2020,ferrari,0
292,2020,ferrari,0
293,2021,racing_point,0
294,2014,mercedes,0
295,2015,mercedes,0
296,2016,mercedes,0
297,2017,mercedes,0
298,2018,mercedes,0
299,2019,mercedes,0
300,2020,mercedes,0
301,2021,mercedes,0
302,2014,williams,0
303,2015,williams,0
304,2016,williams,0
305,2017,williams,0
306,2014,caterham,0
307,2014,red_bull,0
308,2015,red_bull,0
309,2016,red_bull,0
310,2017,red_bull,0
311,2018,red_bull,1
312,2019,renault,1
313,2020,renault,0
314,2020,renault,0
315,2021,mclaren,0
316,2015,manor,0
317,2015,alfa,0
318,2016,alfa,0
319,2015,alphatauri,1
322,2018,renault,0
324,2020,mclaren,0
325,2020,mclaren,0
326,2021,ferrari,0
327,2015,alphatauri,1
328,2016,alphatauri,0
329,2017,red_bull,1
331,2019,red_bull,0
332,2020,red_bull,0
334,2021,red_bull,0
335,2015,manor,0
336,2016,renault,1
337,2017,renault,0
338,2016,manor,0
339,2017,alfa,0
340,2016,manor,0
341,2016,mclaren,0
342,2017,mclaren,1
343,2018,mclaren,0
344,2017,racing_point,0
345,2018,racing_point,0
346,2020,renault,0
347,2020,renault,0
348,2021,renault,0
349,2019,alfa,0
350,2020,alfa,0
351,2020,alfa,0
352,2021,alfa,0
354,2018,williams,0
355,2019,racing_point,0
357,2020,racing_point,0
358,2021,racing_point,0
359,2018,alphatauri,0
360,2019,red_bull,0
361,2020,alphatauri,0
362,2020,alphatauri,0
364,2018,alphatauri,0
365,2018,alfa,0
366,2019,ferrari,0
367,2020,ferrari,0
369,2021,ferrari,0
370,2018,williams,0
371,2019,mclaren,0
372,2020,mclaren,0
373,2020,mclaren,0
374,2021,mclaren,0
375,2019,alphatauri,0
376,2020,red_bull,0
377,2020,red_bull,0
378,2019,williams,0
379,2020,williams,0
380,2020,mercedes,0
381,2021,williams,0
382,2019,williams,0
383,2020,williams,0
384,2020,williams,1
386,2020,williams,0
387,2020,haas,0
388,2021,alphatauri,0
389,2021,haas,0
391,2014,mercedes,0
392,2015,mercedes,0
393,2016,mercedes,0
394,2014,mclaren,0
395,2016,renault,0
396,2017,haas,0
397,2018,haas,0
398,2019,haas,0
399,2014,mclaren,0
400,2015,mclaren,0
401,2016,mclaren,0
402,2014,ferrari,0
403,2015,mclaren,0
404,2016,mclaren,0
405,2017,mclaren,1
406,2018,mclaren,0
407,2014,williams,0
408,2015,williams,0
409,2016,williams,0
410,2017,mercedes,0
411,2018,mercedes,0
412,2019,mercedes,0
413,2014,racing_point,0
414,2015,racing_point,1
415,2016,racing_point,0
416,2017,renault,0
417,2018,renault,0
418,2019,renault,1
419,2014,ferrari,0
420,2015,ferrari,0
421,2016,ferrari,0
422,2017,ferrari,0
423,2018,ferrari,0
424,2019,alfa,0
425,2014,alphatauri,0
426,2014,alphatauri,0
427,2015,red_bull,1
428,2016,red_bull,0
429,2017,alphatauri,1
431,2014,racing_point,0
432,2015,racing_point,0
433,2016,racing_point,0
434,2017,racing_point,0
435,2018,racing_point,0
436,2019,racing_point,0
437,2014,alfa,1
438,2014,alfa,0
439,2016,haas,0
440,2014,manor,0
441,2014,manor,0
442,2014,renault,1
443,2015,renault,0
444,2016,haas,0
445,2017,haas,0
446,2018,haas,0
447,2019,haas,0
448,2014,renault,0
449,2015,renault,1
450,2014,caterham,0
451,2015,alfa,0
452,2016,alfa,0
453,2017,alfa,0
454,2018,alfa,0
455,2014,red_bull,0
456,2015,ferrari,0
457,2016,ferrari,0
458,2017,ferrari,0
459,2018,ferrari,0
460,2019,ferrari,0
461,2014,mercedes,0
462,2015,mercedes,0
463,2016,mercedes,0
464,2017,mercedes,0
465,2018,mercedes,0
466,2019,mercedes,0
467,2014,williams,0
468,2015,williams,0
469,2016,williams,0
470,2017,williams,0
471,2014,caterham,0
472,2014,red_bull,0
473,2015,red_bull,0
474,2016,red_bull,0
475,2017,red_bull,0
476,2018,red_bull,0
477,2019,renault,0
478,2015,manor,0
479,2015,alfa,0
480,2016,alfa,0
481,2015,alphatauri,0
482,2016,alphatauri,0
483,2017,alphatauri,0
484,2018,renault,0
485,2019,mclaren,0
486,2015,alphatauri,1
487,2016,alphatauri,0
488,2017,red_bull,0
489,2018,red_bull,0
490,2019,red_bull,0
491,2015,manor,0
492,2016,renault,0
493,2017,renault,0
494,2016,manor,0
495,2016,manor,0
496,2017,mclaren,1
497,2018,mclaren,0
498,2017,racing_point,0
499,2018,racing_point,0
501,2019,alfa,0
503,2018,williams,0
504,2019,racing_point,0
505,2018,alphatauri,0
506,2019,red_bull,0
508,2018,alfa,0
509,2019,ferrari,0
510,2018,williams,0
512,2019,alphatauri,0
513,2019,williams,0
514,2019,williams,0
515,2014,mercedes,0
516,2015,mercedes,0
518,2014,mclaren,0
519,2016,renault,0
520,2017,haas,0
521,2018,haas,0
522,2019,haas,0
523,2020,haas,0
524,2014,mclaren,0
525,2015,mclaren,0
526,2016,mclaren,0
527,2014,ferrari,0
528,2015,mclaren,1
529,2016,mclaren,1
530,2017,mclaren,0
531,2018,mclaren,0
532,2021,renault,0
533,2014,williams,0
534,2015,williams,0
535,2016,williams,0
536,2017,mercedes,1
537,2018,mercedes,0
538,2019,mercedes,0
539,2020,mercedes,0
540,2021,mercedes,0
541,2014,racing_point,0
542,2015,racing_point,0
543,2016,racing_point,1
544,2017,renault,0
546,2019,renault,0
547,2014,ferrari,0
548,2015,ferrari,0
549,2016,ferrari,0
551,2018,ferrari,1
552,2019,alfa,0
553,2020,alfa,0
554,2021,alfa,0
555,2014,alphatauri,1
556,2014,alphatauri,0
557,2015,red_bull,0
558,2016,alphatauri,0
559,2017,alphatauri,0
560,2019,alphatauri,0
561,2020,alphatauri,0
562,2014,racing_point,0
563,2015,racing_point,0
564,2016,racing_point,0
565,2017,racing_point,0
566,2018,racing_point,0
567,2019,racing_point,0
568,2020,racing_point,0
569,2021,red_bull,0
570,2014,alfa,0
571,2014,alfa,0
572,2016,haas,0
573,2014,manor,0
574,2014,manor,0
575,2014,renault,0
576,2015,renault,0
577,2016,haas,1
578,2017,haas,0
580,2019,haas,0
581,2020,haas,0
582,2014,renault,0
584,2014,caterham,0
585,2015,alfa,0
586,2016,alfa,0
587,2017,alfa,0
588,2018,alfa,0
589,2014,red_bull,0
590,2015,ferrari,0
591,2016,ferrari,0
592,2017,ferrari,0
593,2018,ferrari,0
594,2019,ferrari,0
595,2020,ferrari,0
596,2021,racing_point,0
597,2014,mercedes,0
598,2015,mercedes,0
600,2017,mercedes,0
601,2018,mercedes,0
602,2019,mercedes,0
603,2020,mercedes,0
604,2021,mercedes,0
605,2014,williams,0
606,2015,williams,0
607,2016,williams,0
608,2017,williams,0
609,2014,caterham,1
610,2014,red_bull,0
611,2015,red_bull,0
612,2016,red_bull,0
613,2017,red_bull,0
614,2018,red_bull,0
615,2019,renault,0
616,2020,renault,0
617,2021,mclaren,0
618,2015,manor,0
619,2015,alfa,0
620,2016,alfa,0
621,2015,alphatauri,0
622,2016,alphatauri,0
623,2017,alphatauri,0
624,2018,renault,0
625,2019,mclaren,0
626,2020,mclaren,0
627,2021,ferrari,0
628,2015,alphatauri,0
629,2016,red_bull,0
631,2018,red_bull,0
632,2019,red_bull,0
633,2020,red_bull,0
634,2021,red_bull,0
635,2015,manor,0
636,2016,renault,0
637,2017,renault,0
638,2016,manor,0
639,2017,alfa,0
640,2016,manor,0
642,2018,mclaren,1
643,2017,racing_point,0
644,2018,racing_point,1
645,2020,renault,0
646,2021,renault,0
647,2019,alfa,0
648,2020,alfa,0
649,2021,alfa,0
650,2017,williams,0
651,2018,williams,0
653,2020,racing_point,0
654,2021,racing_point,0
656,2019,red_bull,0
657,2020,alphatauri,0
658,2021,alphatauri,0
659,2018,alphatauri,0
660,2018,alfa,0
661,2019,ferrari,0
662,2020,ferrari,1
663,2021,ferrari,0
664,2018,williams,0
666,2020,mclaren,0
667,2021,mclaren,0
668,2019,alphatauri,0
669,2020,red_bull,0
670,2019,williams,0
671,2020,williams,0
672,2021,williams,0
673,2019,williams,0
674,2020,williams,0
675,2021,williams,0
676,2021,alphatauri,1
677,2021,haas,0
678,2021,haas,0
679,2014,mercedes,0
680,2015,mercedes,0
681,2016,mercedes,0
682,2014,mclaren,0
684,2017,haas,0
685,2018,haas,0
686,2019,haas,0
687,2014,mclaren,0
688,2015,mclaren,0
689,2016,mclaren,0
691,2014,ferrari,0
692,2015,mclaren,1
693,2016,mclaren,0
694,2018,mclaren,1
695,2021,renault,0
696,2014,williams,1
697,2015,williams,0
698,2016,williams,0
699,2017,mercedes,0
700,2018,mercedes,0
701,2019,mercedes,0
702,2021,mercedes,1
703,2014,racing_point,0
704,2015,racing_point,0
705,2016,racing_point,0
706,2017,renault,1
707,2018,renault,0
708,2019,renault,0
709,2014,ferrari,0
710,2015,ferrari,0
712,2017,ferrari,0
713,2018,ferrari,0
714,2019,alfa,0
715,2021,alfa,0
716,2014,alphatauri,1
717,2014,alphatauri,1
718,2015,red_bull,0
721,2019,alphatauri,0
723,2015,racing_point,0
724,2016,racing_point,0
725,2017,racing_point,0
726,2018,racing_point,0
727,2019,racing_point,0
728,2021,red_bull,0
731,2016,haas,0
732,2014,manor,0
733,2014,manor,0
734,2014,renault,0
735,2015,renault,0
736,2016,haas,0
737,2017,haas,0
738,2018,haas,0
739,2019,haas,0
741,2015,renault,1
742,2014,caterham,0
743,2015,alfa,0
746,2018,alfa,0
747,2014,red_bull,1
748,2015,ferrari,0
749,2016,ferrari,0
750,2017,ferrari,0
751,2018,ferrari,0
752,2019,ferrari,0
753,2021,racing_point,0
754,2014,mercedes,0
755,2015,mercedes,0
756,2016,mercedes,0
757,2017,mercedes,0
758,2018,mercedes,0
759,2019,mercedes,0
760,2021,mercedes,0
761,2014,williams,0
762,2015,williams,0
763,2016,williams,0
764,2017,williams,0
765,2014,caterham,0
766,2014,red_bull,0
767,2015,red_bull,0
768,2016,red_bull,0
769,2017,red_bull,0
770,2018,red_bull,0
771,2019,renault,0
772,2021,mclaren,0
773,2015,manor,0
774,2015,alfa,0
776,2015,alphatauri,0
777,2016,alphatauri,0
778,2017,alphatauri,0
779,2018,renault,0
780,2019,mclaren,0
781,2021,ferrari,0
784,2017,red_bull,0
785,2018,red_bull,0
786,2019,red_bull,0
787,2021,red_bull,0
788,2015,manor,0
790,2017,renault,0
791,2016,manor,0
793,2016,manor,0
795,2018,mclaren,0
796,2017,racing_point,0
797,2018,racing_point,0
798,2021,renault,0
799,2019,alfa,0
800,2021,alfa,0
801,2017,williams,1
802,2018,williams,0
803,2019,racing_point,0
804,2021,racing_point,0
805,2018,alphatauri,0
806,2019,red_bull,0
807,2021,alphatauri,0
811,2021,ferrari,1
812,2018,williams,0
813,2019,mclaren,0
814,2021,mclaren,0
815,2019,alphatauri,0
816,2019,williams,0
817,2021,williams,0
818,2019,williams,0
819,2021,williams,0
820,2021,alphatauri,0
821,2021,haas,0
822,2021,haas,0
823,2014,mercedes,0
824,2015,mercedes,0
825,2016,mercedes,0
826,2014,mclaren,0
827,2016,renault,0
828,2017,haas,0
829,2018,haas,0
830,2019,haas,0
831,2014,mclaren,0
833,2016,mclaren,1
834,2014,ferrari,0
835,2015,mclaren,1
836,2016,mclaren,0
837,2017,mclaren,1
838,2018,mclaren,1
839,2014,williams,0
840,2015,williams,0
841,2016,williams,0
842,2017,mercedes,0
843,2018,mercedes,0
844,2019,mercedes,0
845,2014,racing_point,0
846,2015,racing_point,0
847,2016,racing_point,0
848,2017,renault,0
849,2018,renault,0
850,2019,renault,0
851,2014,ferrari,0
852,2015,ferrari,0
853,2016,ferrari,0
854,2017,ferrari,0
855,2018,ferrari,0
856,2019,alfa,0
857,2014,alphatauri,0
858,2014,alphatauri,1
859,2015,red_bull,0
860,2016,alphatauri,0
861,2017,alphatauri,1
862,2019,alphatauri,0
864,2015,racing_point,0
865,2016,racing_point,0
866,2017,racing_point,0
867,2018,racing_point,0
868,2019,racing_point,0
869,2014,alfa,0
870,2014,alfa,1
871,2016,haas,0
875,2015,renault,0
876,2016,haas,0
877,2017,haas,0
878,2018,haas,0
879,2019,haas,0
880,2014,renault,1
881,2015,renault,0
882,2014,caterham,1
883,2015,alfa,0
884,2016,alfa,0
885,2017,alfa,0
886,2018,alfa,0
887,2014,red_bull,0
888,2015,ferrari,0
889,2016,ferrari,0
890,2017,ferrari,0
891,2018,ferrari,0
892,2019,ferrari,0
893,2014,mercedes,1
894,2015,mercedes,0
895,2016,mercedes,0
896,2017,mercedes,0
897,2018,mercedes,0
898,2019,mercedes,0
900,2015,williams,0
903,2014,caterham,1
904,2014,red_bull,0
905,2015,red_bull,0
906,2016,red_bull,0
907,2017,red_bull,0
908,2018,red_bull,0
909,2019,renault,0
910,2015,manor,0
911,2015,alfa,0
912,2016,alfa,0
913,2015,alphatauri,0
914,2016,alphatauri,0
916,2018,renault,0
917,2019,mclaren,0
918,2015,alphatauri,0
919,2016,red_bull,0
920,2017,red_bull,1
921,2018,red_bull,0
922,2019,red_bull,0
925,2017,renault,0
926,2016,manor,0
927,2017,alfa,0
928,2016,manor,0
929,2017,mclaren,0
930,2018,mclaren,0
931,2017,racing_point,0
932,2018,racing_point,0
933,2019,alfa,0
934,2017,williams,0
936,2019,racing_point,0
937,2018,alphatauri,0
938,2019,red_bull,0
940,2018,alfa,0
941,2019,ferrari,0
942,2018,williams,0
943,2019,mclaren,1
945,2019,williams,0
946,2019,williams,0
947,2014,mercedes,0
948,2015,mercedes,0
949,2016,mercedes,0
950,2014,mclaren,0
951,2016,renault,0
952,2017,haas,1
953,2018,haas,0
954,2019,haas,0
955,2020,haas,1
956,2020,haas,0
957,2014,mclaren,0
959,2016,mclaren,0
960,2014,ferrari,0
962,2016,mclaren,1
964,2018,mclaren,0
965,2021,renault,0
966,2021,renault,0
967,2014,williams,0
968,2015,williams,0
969,2016,williams,0
970,2017,mercedes,0
971,2018,mercedes,1
972,2019,mercedes,0
973,2020,mercedes,0
974,2020,mercedes,0
975,2021,mercedes,0
976,2021,mercedes,0
977,2014,racing_point,0
978,2015,racing_point,0
979,2016,racing_point,1
980,2017,renault,0
981,2018,renault,1
982,2019,renault,0
983,2014,ferrari,0
985,2016,ferrari,0
986,2017,ferrari,0
987,2018,ferrari,0
988,2019,alfa,0
989,2020,alfa,1
990,2020,alfa,0
991,2021,alfa,0
992,2021,alfa,0
993,2014,alphatauri,1
994,2014,alphatauri,1
995,2015,red_bull,0
997,2017,alphatauri,0
998,2019,alphatauri,0
999,2020,alphatauri,1
1000,2020,alphatauri,0
1001,2014,racing_point,0
1002,2015,racing_point,0
1003,2016,racing_point,1
1004,2017,racing_point,0
1005,2018,racing_point,0
1006,2019,racing_point,0
1007,2020,racing_point,0
1008,2020,racing_point,0
1009,2021,red_bull,0
1010,2021,red_bull,0
1011,2014,alfa,0
1012,2014,alfa,0
1013,2016,haas,0
1014,2014,manor,0
1015,2014,manor,0
1016,2014,renault,0
1017,2015,renault,1
1018,2016,haas,0
1019,2017,haas,0
1020,2018,haas,0
1021,2019,haas,0
1022,2020,haas,1
1023,2020,haas,0
1024,2014,renault,0
1025,2015,renault,0
1026,2014,caterham,0
1027,2015,alfa,0
1028,2016,alfa,0
1029,2017,alfa,0
1030,2018,alfa,0
1031,2014,red_bull,1
1032,2015,ferrari,0
1034,2017,ferrari,0
1035,2018,ferrari,0
1036,2019,ferrari,0
1037,2020,ferrari,0
1039,2021,racing_point,0
1041,2014,mercedes,0
1042,2015,mercedes,0
1043,2016,mercedes,0
1044,2017,mercedes,0
1045,2018,mercedes,1
1046,2019,mercedes,0
1047,2020,mercedes,0
1048,2020,mercedes,0
1049,2021,mercedes,0
1050,2021,mercedes,0
1051,2014,williams,0
1052,2015,williams,0
1053,2016,williams,1
1054,2017,williams,0
1055,2014,caterham,0
1056,2014,red_bull,0
1057,2015,red_bull,0
1058,2016,red_bull,0
1059,2017,red_bull,0
1060,2018,red_bull,1
1061,2019,renault,0
1062,2020,renault,1
1063,2020,renault,0
1064,2021,mclaren,0
1065,2021,mclaren,0
1066,2015,manor,1
1067,2015,alfa,0
1068,2016,alfa,0
1069,2015,alphatauri,1
1070,2016,alphatauri,0
1071,2017,alphatauri,1
1072,2018,renault,0
1073,2019,mclaren,0
1074,2020,mclaren,0
1075,2020,mclaren,0
1076,2021,ferrari,0
1077,2021,ferrari,0
1078,2015,alphatauri,0
1079,2016,red_bull,0
1081,2018,red_bull,0
1082,2019,red_bull,0
1083,2020,red_bull,1
1084,2020,red_bull,0
1085,2021,red_bull,0
1086,2021,red_bull,0
1087,2015,manor,0
1088,2016,renault,0
1089,2017,renault,0
1090,2016,manor,0
1091,2017,alfa,0
1092,2016,manor,0
1093,2017,mclaren,0
1095,2017,racing_point,0
1096,2018,racing_point,0
1097,2020,renault,0
1098,2020,renault,1
1099,2021,renault,0
1101,2019,alfa,0
1102,2020,alfa,0
1103,2020,alfa,0
1104,2021,alfa,0
1105,2021,alfa,0
1106,2017,williams,0
1107,2018,williams,0
1108,2019,racing_point,0
1109,2020,racing_point,1
1110,2020,racing_point,0
1111,2021,racing_point,0
1112,2021,racing_point,0
1113,2018,alphatauri,0
1114,2019,red_bull,0
1115,2020,alphatauri,0
1116,2020,alphatauri,0
1118,2021,alphatauri,0
1119,2018,alphatauri,1
1120,2018,alfa,0
1121,2019,ferrari,0
1122,2020,ferrari,0
1124,2021,ferrari,0
1125,2021,ferrari,0
1126,2018,williams,0
1127,2019,mclaren,0
1128,2020,mclaren,0
1129,2020,mclaren,0
1130,2021,mclaren,0
1131,2021,mclaren,0
1132,2019,alphatauri,0
1133,2020,red_bull,1
1134,2020,red_bull,0
1135,2019,williams,0
1136,2020,williams,1
1137,2020,williams,0
1138,2021,williams,1
1139,2021,williams,0
1140,2019,williams,0
1141,2020,williams,0
1142,2020,williams,0
1143,2021,williams,0
1144,2021,williams,0
1145,2021,alphatauri,0
1146,2021,alphatauri,0
1147,2021,haas,0
1148,2021,haas,0
1149,2021,haas,0
1150,2021,haas,0
1151,2014,mercedes,1
1152,2015,mercedes,0
1153,2016,mercedes,0
1154,2014,mclaren,0
1155,2016,renault,1
1156,2017,haas,0
1157,2018,haas,0
1161,2014,mclaren,0
1163,2016,mclaren,0
1164,2014,ferrari,0
1165,2015,mclaren,0
1166,2016,mclaren,0
1167,2017,mclaren,1
1168,2018,mclaren,0
1169,2021,renault,0
1170,2014,williams,0
1171,2015,williams,0
1172,2016,williams,0
1173,2017,mercedes,0
1174,2018,mercedes,0
1175,2019,mercedes,0
1176,2020,mercedes,0
1177,2020,mercedes,0
1178,2021,mercedes,0
1179,2014,racing_point,0
1180,2015,racing_point,0
1181,2016,racing_point,0
1182,2017,renault,0
1183,2018,renault,0
1184,2019,renault,0
1185,2020,racing_point,1
1186,2020,racing_point,0
1188,2015,ferrari,0
1189,2016,ferrari,0
1190,2017,ferrari,0
1191,2018,ferrari,0
1192,2019,alfa,0
1193,2020,alfa,0
1194,2020,alfa,0
1195,2021,alfa,0
1196,2014,alphatauri,0
1197,2014,alphatauri,0
1198,2015,red_bull,0
1199,2016,alphatauri,0
1200,2017,alphatauri,0
1201,2019,alphatauri,0
1203,2020,alphatauri,0
1204,2014,racing_point,0
1205,2015,racing_point,0
1206,2016,racing_point,0
1207,2017,racing_point,0
1208,2018,racing_point,0
1209,2019,racing_point,0
1210,2021,red_bull,0
1211,2014,alfa,0
1213,2016,haas,0
1214,2014,manor,0
1215,2014,manor,0
1216,2014,renault,0
1219,2017,haas,0
1222,2020,haas,0
1223,2020,haas,0
1224,2014,renault,0
1226,2014,caterham,1
1227,2015,alfa,0
1228,2016,alfa,1
1229,2017,alfa,0
1231,2014,red_bull,0
1232,2015,ferrari,0
1233,2016,ferrari,0
1234,2017,ferrari,0
1235,2018,ferrari,0
1236,2019,ferrari,0
1237,2020,ferrari,0
1238,2020,ferrari,0
1240,2014,mercedes,0
1241,2015,mercedes,0
1242,2016,mercedes,0
1243,2017,mercedes,0
1244,2018,mercedes,0
1245,2019,mercedes,0
1246,2020,mercedes,0
1247,2020,mercedes,0
1248,2021,mercedes,0
1250,2015,williams,0
1251,2016,williams,0
1252,2017,williams,0
1253,2014,caterham,0
1254,2014,red_bull,0
1255,2015,red_bull,1
1256,2016,red_bull,0
1257,2017,red_bull,0
1258,2018,red_bull,0
1259,2019,renault,0
1260,2020,renault,0
1261,2020,renault,0
1262,2021,mclaren,0
1263,2015,manor,0
1264,2015,alfa,1
1265,2016,alfa,0
1266,2015,alphatauri,1
1267,2016,alphatauri,0
1270,2019,mclaren,0
1271,2020,mclaren,0
1272,2020,mclaren,0
1273,2021,ferrari,0
1275,2016,red_bull,0
1276,2017,red_bull,0
1277,2018,red_bull,1
1278,2019,red_bull,0
1279,2020,red_bull,0
1280,2020,red_bull,0
1282,2015,manor,0
1283,2016,renault,1
1284,2017,renault,1
1286,2017,alfa,0
1288,2017,mclaren,0
1289,2018,mclaren,0
1290,2017,racing_point,0
1291,2018,racing_point,0
1292,2020,renault,0
1293,2020,renault,0
1294,2021,renault,0
1296,2020,alfa,0
1297,2020,alfa,0
1298,2021,alfa,0
1299,2017,williams,0
1300,2018,williams,0
1301,2019,racing_point,0
1302,2020,racing_point,0
1303,2020,racing_point,0
1304,2021,racing_point,0
1305,2018,alphatauri,0
1306,2019,red_bull,0
1307,2020,alphatauri,0
1308,2020,alphatauri,0
1309,2021,alphatauri,0
1310,2018,alphatauri,1
1312,2019,ferrari,0
1313,2020,ferrari,0
1314,2020,ferrari,0
1315,2021,ferrari,0
1316,2018,williams,0
1317,2019,mclaren,0
1318,2020,mclaren,0
1319,2020,mclaren,0
1320,2021,mclaren,0
1321,2019,alphatauri,0
1322,2020,red_bull,0
1323,2020,red_bull,0
1324,2019,williams,0
1325,2020,williams,0
1326,2020,williams,0
1327,2021,williams,0
1328,2019,williams,0
1329,2020,williams,0
1330,2020,williams,0
1331,2021,williams,0
1332,2021,alphatauri,0
1333,2021,haas,0
1334,2021,haas,0
1335,2014,mercedes,0
1336,2016,mercedes,0
1337,2014,mclaren,0
1338,2016,renault,0
1339,2018,haas,0
1340,2019,haas,0
1341,2014,mclaren,0
1342,2016,mclaren,0
1343,2014,ferrari,0
1344,2016,mclaren,0
1346,2014,williams,0
1347,2016,williams,0
1348,2018,mercedes,0
1350,2014,racing_point,0
1351,2016,racing_point,0
1352,2018,renault,0
1354,2014,ferrari,0
1355,2016,ferrari,0
1356,2018,ferrari,0
1357,2019,alfa,0
1358,2014,alphatauri,0
1359,2014,alphatauri,1
1360,2016,alphatauri,0
1361,2019,alphatauri,0
1362,2014,racing_point,0
1363,2016,racing_point,0
1364,2018,racing_point,0
1366,2014,alfa,1
1367,2014,alfa,0
1368,2016,haas,0
1369,2014,manor,0
1370,2014,manor,0
1371,2014,renault,1
1372,2016,haas,0
1373,2018,haas,0
1374,2019,haas,0
1375,2014,renault,0
1376,2014,caterham,0
1377,2016,alfa,0
1378,2018,alfa,0
1379,2014,red_bull,0
1380,2016,ferrari,0
1382,2019,ferrari,0
1383,2014,mercedes,0
1384,2016,mercedes,0
1385,2018,mercedes,0
1386,2019,mercedes,0
1388,2016,williams,1
1389,2014,caterham,0
1390,2014,red_bull,0
1391,2016,red_bull,0
1392,2018,red_bull,1
1393,2019,renault,1
1394,2016,alfa,1
1395,2016,alphatauri,0
1396,2018,renault,0
1397,2019,mclaren,0
1398,2016,red_bull,0
1399,2018,red_bull,0
1400,2019,red_bull,0
1401,2016,renault,0
1402,2016,manor,0
1403,2016,manor,0
1404,2018,mclaren,0
1405,2018,racing_point,0
1406,2019,alfa,0
1407,2018,williams,1
1408,2019,racing_point,0
1409,2018,alphatauri,0
1411,2018,alphatauri,0
1412,2018,alfa,0
1414,2018,williams,1
1415,2019,mclaren,1
1416,2019,alphatauri,0
1417,2019,williams,0
1418,2019,williams,0
1419,2014,mercedes,0
1420,2015,mercedes,0
1421,2016,mercedes,0
1422,2014,mclaren,0
1423,2016,renault,0
1424,2017,haas,0
1425,2018,haas,0
1426,2019,haas,0
1427,2020,haas,0
1428,2014,mclaren,0
1429,2015,mclaren,0
1430,2016,mclaren,1
1431,2014,ferrari,0
1432,2015,mclaren,0
1433,2016,mclaren,0
1434,2017,mclaren,0
1435,2018,mclaren,0
1436,2014,williams,0
1437,2015,williams,0
1438,2016,williams,0
1439,2017,mercedes,0
1440,2018,mercedes,0
1441,2019,mercedes,0
1442,2020,mercedes,0
1445,2016,racing_point,0
1446,2017,renault,1
1447,2018,renault,0
1448,2019,renault,0
1449,2014,ferrari,0
1450,2015,ferrari,1
1451,2016,ferrari,0
1452,2017,ferrari,0
1453,2018,ferrari,0
1454,2019,alfa,0
1455,2020,alfa,0
1456,2014,alphatauri,0
1457,2014,alphatauri,0
1458,2015,red_bull,0
1459,2016,alphatauri,0
1460,2017,alphatauri,0
1461,2019,alphatauri,0
1462,2020,alphatauri,0
1464,2015,racing_point,1
1465,2016,racing_point,0
1466,2017,racing_point,0
1467,2018,racing_point,0
1468,2019,racing_point,0
1469,2020,racing_point,0
1470,2014,alfa,0
1472,2016,haas,0
1473,2014,manor,0
1474,2014,manor,0
1476,2015,renault,0
1477,2016,haas,0
1478,2017,haas,1
1479,2018,haas,0
1480,2019,haas,1
1481,2020,haas,0
1482,2014,renault,0
1483,2015,renault,0
1485,2015,alfa,0
1486,2016,alfa,0
1487,2017,alfa,0
1488,2018,alfa,0
1489,2014,red_bull,0
1490,2015,ferrari,0
1491,2016,ferrari,0
1492,2017,ferrari,0
1493,2018,ferrari,0
1494,2019,ferrari,0
1495,2020,ferrari,0
1496,2014,mercedes,0
1497,2015,mercedes,0
1498,2016,mercedes,0
1499,2017,mercedes,0
1500,2018,mercedes,0
1501,2019,mercedes,0
1502,2020,mercedes,0
1503,2014,williams,0
1504,2015,williams,0
1505,2016,williams,0
1507,2014,red_bull,0
1508,2015,red_bull,0
1509,2016,red_bull,0
1511,2018,red_bull,0
1512,2019,renault,0
1513,2020,renault,0
1514,2015,manor,0
1515,2015,alfa,0
1516,2016,alfa,0
1517,2015,alphatauri,1
1518,2016,alphatauri,0
1519,2017,alphatauri,0
1520,2018,renault,0
1521,2019,mclaren,0
1522,2020,mclaren,0
1523,2015,alphatauri,0
1524,2016,red_bull,0
1525,2017,red_bull,0
1526,2018,red_bull,1
1527,2019,red_bull,0
1528,2020,red_bull,0
1529,2015,manor,0
1530,2016,renault,0
1531,2017,renault,0
1532,2016,manor,0
1533,2017,alfa,0
1534,2016,manor,0
1535,2017,mclaren,0
1536,2018,mclaren,1
1537,2017,racing_point,0
1538,2018,racing_point,0
1539,2020,renault,0
1540,2019,alfa,0
1541,2020,alfa,0
1542,2017,williams,0
1543,2018,williams,0
1544,2019,racing_point,0
1545,2020,racing_point,0
1546,2017,williams,1
1547,2018,alphatauri,0
1548,2019,red_bull,0
1549,2020,alphatauri,1
1550,2018,alphatauri,0
1551,2018,alfa,1
1552,2019,ferrari,0
1553,2020,ferrari,0
1554,2018,williams,0
1555,2019,mclaren,0
1556,2020,mclaren,0
1557,2019,alphatauri,0
1558,2020,red_bull,0
1559,2019,williams,0
1560,2020,williams,0
1561,2019,williams,0
1562,2020,williams,0
1563,2021,,1
1564,2014,mercedes,0
1565,2015,mercedes,0
1566,2016,mercedes,0
1567,2014,mclaren,0
1569,2017,haas,0
1570,2018,haas,0
1571,2019,haas,0
1572,2020,haas,0
1573,2014,mclaren,0
1574,2015,mclaren,0
1576,2014,ferrari,0
1577,2015,mclaren,0
1578,2016,mclaren,0
1579,2017,mclaren,1
1581,2014,williams,0
1582,2015,williams,1
1583,2016,williams,0
1584,2017,mercedes,0
1585,2018,mercedes,0
1586,2019,mercedes,0
1587,2020,mercedes,0
1588,2014,racing_point,0
1589,2015,racing_point,1
1590,2016,racing_point,0
1591,2017,renault,0
1593,2019,renault,0
1594,2014,ferrari,0
1595,2015,ferrari,0
1596,2016,ferrari,0
1597,2017,ferrari,0
1598,2018,ferrari,1
1599,2019,alfa,0
1600,2020,alfa,0
1601,2014,alphatauri,0
1602,2014,alphatauri,0
1603,2015,red_bull,0
1604,2016,alphatauri,0
1605,2017,alphatauri,0
1606,2019,alphatauri,0
1607,2020,alphatauri,0
1608,2014,racing_point,0
1609,2015,racing_point,0
1610,2016,racing_point,0
1611,2017,racing_point,1
1612,2018,racing_point,0
1613,2019,racing_point,0
1614,2020,racing_point,0
1615,2014,alfa,0
1616,2014,alfa,0
1617,2016,haas,0
1618,2014,manor,0
1619,2014,manor,1
1621,2015,renault,0
1622,2016,haas,0
1623,2017,haas,0
1624,2018,haas,0
1625,2019,haas,0
1626,2020,haas,0
1627,2014,renault,1
1628,2015,renault,1
1629,2014,caterham,0
1630,2015,alfa,0
1631,2016,alfa,1
1632,2017,alfa,0
1633,2018,alfa,0
1634,2014,red_bull,0
1636,2016,ferrari,0
1637,2017,ferrari,0
1638,2018,ferrari,0
1639,2019,ferrari,0
1640,2020,ferrari,0
1642,2015,mercedes,0
1643,2016,mercedes,0
1644,2017,mercedes,0
1645,2018,mercedes,0
1646,2019,mercedes,0
1647,2020,mercedes,0
1648,2014,williams,0
1649,2015,williams,0
1650,2016,williams,0
1651,2017,williams,0
1652,2014,red_bull,0
1653,2015,red_bull,1
1654,2016,red_bull,0
1655,2017,red_bull,0
1657,2019,renault,0
1658,2020,renault,0
1659,2014,caterham,1
1660,2015,manor,0
1661,2015,manor,1
1662,2015,alfa,0
1663,2016,alfa,0
1664,2015,alphatauri,1
1666,2017,alphatauri,0
1667,2018,renault,0
1668,2019,mclaren,1
1669,2020,mclaren,1
1670,2015,alphatauri,0
1671,2016,red_bull,0
1672,2017,red_bull,1
1673,2018,red_bull,0
1675,2020,red_bull,0
1676,2015,manor,0
1677,2015,manor,1
1678,2016,renault,0
1679,2017,renault,0
1682,2017,mclaren,0
1683,2018,mclaren,0
1684,2016,manor,0
1685,2017,racing_point,0
1686,2018,racing_point,0
1687,2020,renault,0
1690,2017,williams,0
1691,2018,williams,0
1692,2019,racing_point,0
1693,2020,racing_point,0
1694,2018,alphatauri,0
1695,2019,alphatauri,0
1696,2020,alphatauri,0
1697,2018,alphatauri,0
1699,2019,ferrari,0
1700,2020,ferrari,0
1701,2018,williams,0
1702,2019,mclaren,1
1703,2020,mclaren,0
1704,2019,red_bull,0
1705,2020,red_bull,0
1706,2019,williams,0
1707,2020,williams,1
1708,2019,williams,0
1709,2020,williams,0
1710,2021,,1
1711,2014,mercedes,0
1712,2015,mercedes,0
1713,2016,mercedes,0
1714,2014,mclaren,0
1715,2016,renault,0
1716,2017,haas,0
1717,2018,haas,0
1718,2019,haas,1
1719,2020,haas,1
1720,2014,mclaren,0
1721,2015,mclaren,0
1722,2016,mclaren,0
1723,2014,ferrari,1
1724,2015,mclaren,0
1725,2016,mclaren,0
1726,2017,mclaren,1
1727,2018,mclaren,1
1728,2014,williams,0
1729,2015,williams,0
1730,2016,williams,0
1731,2017,mercedes,0
1732,2018,mercedes,0
1733,2019,mercedes,0
1734,2020,mercedes,0
1735,2014,racing_point,0
1736,2015,racing_point,0
1737,2016,racing_point,0
1738,2017,renault,0
1739,2018,renault,0
1740,2019,renault,0
1741,2014,ferrari,0
1742,2015,ferrari,0
1743,2016,ferrari,0
1744,2017,ferrari,0
1745,2018,ferrari,0
1746,2019,alfa,0
1747,2020,alfa,0
1748,2014,alphatauri,0
1749,2014,alphatauri,0
1750,2015,red_bull,0
1751,2016,alphatauri,1
1752,2017,alphatauri,0
1753,2019,alphatauri,1
1754,2020,alphatauri,0
1755,2014,racing_point,0
1756,2015,racing_point,0
1757,2016,racing_point,0
1758,2017,racing_point,0
1759,2018,racing_point,0
1760,2019,racing_point,0
1761,2020,racing_point,0
1762,2014,alfa,0
1763,2014,alfa,0
1764,2016,haas,0
1766,2014,manor,0
1767,2014,renault,0
1769,2016,haas,0
1770,2017,haas,0
1772,2019,haas,0
1773,2020,haas,0
1774,2014,renault,0
1776,2014,caterham,0
1777,2015,alfa,0
1778,2016,alfa,0
1779,2017,alfa,1
1780,2018,alfa,0
1781,2014,red_bull,0
1782,2015,ferrari,0
1783,2016,ferrari,0
1784,2017,ferrari,0
1785,2018,ferrari,0
1786,2019,ferrari,0
1787,2020,ferrari,1
1788,2014,mercedes,0
1789,2015,mercedes,0
1790,2016,mercedes,0
1791,2017,mercedes,0
1792,2018,mercedes,0
1793,2019,mercedes,0
1794,2020,mercedes,0
1795,2014,williams,0
1796,2015,williams,0
1797,2016,williams,0
1798,2017,williams,0
1799,2014,caterham,0
1800,2014,red_bull,0
1801,2015,red_bull,0
1802,2016,red_bull,0
1803,2017,red_bull,0
1804,2018,red_bull,1
1805,2019,renault,0
1806,2020,renault,0
1807,2015,manor,0
1808,2015,alfa,0
1810,2015,alphatauri,0
1811,2016,alphatauri,0
1812,2017,alphatauri,0
1813,2018,renault,0
1814,2019,mclaren,1
1815,2020,mclaren,0
1816,2015,alphatauri,0
1817,2016,red_bull,0
1818,2017,red_bull,0
1819,2018,red_bull,0
1820,2019,red_bull,0
1821,2020,red_bull,1
1822,2015,manor,0
1824,2017,renault,1
1825,2016,manor,1
1826,2017,alfa,0
1827,2017,mclaren,1
1828,2018,mclaren,0
1829,2016,manor,0
1830,2017,racing_point,0
1831,2018,racing_point,0
1832,2020,renault,0
1833,2019,alfa,0
1834,2020,alfa,0
1835,2017,williams,0
1836,2018,williams,0
1837,2019,racing_point,0
1838,2020,racing_point,0
1839,2018,alphatauri,0
1840,2019,alphatauri,0
1841,2020,alphatauri,0
1842,2018,alphatauri,1
1843,2018,alfa,0
1844,2019,ferrari,0
1846,2018,williams,0
1847,2019,mclaren,0
1848,2020,mclaren,0
1849,2019,red_bull,0
1850,2020,red_bull,0
1851,2019,williams,0
1852,2020,williams,0
1853,2019,williams,0
1854,2020,williams,0
1855,2021,,1
1856,2014,mercedes,1
1857,2015,mercedes,0
1858,2016,mercedes,0
1859,2014,mclaren,0
1860,2016,renault,0
1861,2017,haas,1
1862,2018,haas,0
1863,2019,haas,0
1865,2015,mclaren,1
1866,2016,mclaren,1
1867,2014,ferrari,0
1868,2015,mclaren,1
1869,2016,mclaren,0
1871,2018,mclaren,0
1872,2014,williams,0
1873,2015,williams,0
1874,2016,williams,1
1875,2017,mercedes,0
1876,2018,mercedes,0
1877,2019,mercedes,0
1878,2014,racing_point,0
1881,2017,renault,1
1882,2018,renault,0
1883,2019,renault,0
1884,2014,ferrari,0
1885,2015,ferrari,0
1886,2016,ferrari,0
1888,2018,ferrari,0
1890,2014,alphatauri,0
1891,2014,alphatauri,0
1892,2015,red_bull,0
1893,2016,alphatauri,0
1895,2019,alphatauri,0
1896,2014,racing_point,0
1897,2015,racing_point,0
1898,2016,racing_point,0
1899,2017,racing_point,0
1900,2018,racing_point,0
1901,2019,racing_point,1
1902,2014,alfa,1
1903,2014,alfa,1
1904,2016,haas,0
1905,2014,manor,0
1906,2014,manor,0
1907,2014,renault,0
1910,2017,haas,0
1911,2018,haas,0
1912,2019,haas,0
1913,2014,renault,0
1914,2015,renault,0
1915,2014,caterham,0
1916,2015,alfa,0
1917,2016,alfa,0
1919,2018,alfa,0
1920,2014,red_bull,0
1921,2015,ferrari,0
1922,2016,ferrari,0
1924,2018,ferrari,0
1925,2019,ferrari,0
1926,2014,mercedes,0
1927,2015,mercedes,1
1928,2016,mercedes,0
1929,2017,mercedes,0
1930,2018,mercedes,0
1931,2019,mercedes,0
1932,2014,williams,0
1933,2015,williams,1
1934,2016,williams,0
1935,2017,williams,0
1936,2014,caterham,1
1937,2014,red_bull,0
1938,2015,red_bull,0
1939,2016,red_bull,0
1940,2017,red_bull,0
1941,2018,red_bull,0
1942,2019,renault,0
1943,2015,manor,0
1944,2015,alfa,0
1945,2016,alfa,0
1946,2015,alphatauri,0
1947,2016,alphatauri,0
1948,2017,alphatauri,0
1949,2018,renault,0
1950,2019,mclaren,0
1951,2015,alphatauri,0
1952,2016,red_bull,0
1954,2018,red_bull,0
1955,2019,red_bull,0
1956,2015,manor,0
1957,2016,renault,0
1958,2017,renault,0
1959,2016,manor,0
1960,2017,alfa,0
1961,2017,mclaren,0
1962,2018,mclaren,0
1963,2016,manor,0
1964,2017,racing_point,0
1966,2019,alfa,0
1967,2017,williams,0
1968,2018,williams,0
1969,2019,racing_point,0
1970,2018,alphatauri,0
1971,2019,alphatauri,0
1972,2018,alphatauri,0
1973,2018,alfa,0
1974,2019,ferrari,0
1975,2018,williams,0
1976,2019,mclaren,0
1977,2019,red_bull,0
1979,2019,williams,0
1980,2014,mercedes,0
1981,2015,mercedes,0
1982,2016,mercedes,0
1983,2014,mclaren,0
1984,2016,renault,0
1985,2017,haas,0
1987,2019,haas,0
1988,2014,mclaren,0
1989,2015,mclaren,0
1990,2016,mclaren,0
1991,2014,ferrari,1
1992,2015,mclaren,0
1993,2016,mclaren,0
1994,2017,mclaren,0
1995,2018,mclaren,0
1996,2014,williams,0
1997,2015,williams,0
1998,2016,williams,0
1999,2017,mercedes,0
2000,2018,mercedes,0
2001,2019,mercedes,0
2002,2014,racing_point,0
2003,2015,racing_point,0
2004,2016,racing_point,0
2006,2018,renault,1
2008,2014,ferrari,0
2009,2015,ferrari,0
2010,2016,ferrari,0
2011,2017,ferrari,0
2012,2018,ferrari,0
2013,2019,alfa,0
2014,2014,alphatauri,0
2015,2014,alphatauri,0
2016,2015,red_bull,0
2017,2016,alphatauri,0
2018,2019,alphatauri,0
2019,2014,racing_point,0
2020,2015,racing_point,0
2021,2016,racing_point,0
2022,2017,racing_point,0
2023,2018,racing_point,0
2024,2019,racing_point,0
2026,2014,alfa,0
2027,2016,haas,0
2028,2014,manor,0
2030,2014,renault,0
2031,2015,renault,0
2032,2016,haas,0
2033,2017,haas,0
2034,2018,haas,0
2035,2019,haas,0
2036,2014,renault,0
2037,2015,renault,0
2038,2014,caterham,0
2039,2015,alfa,0
2040,2016,alfa,0
2042,2018,alfa,0
2043,2014,red_bull,0
2044,2015,ferrari,0
2045,2016,ferrari,0
2046,2017,ferrari,1
2047,2018,ferrari,0
2048,2019,ferrari,0
2049,2014,mercedes,0
2050,2015,mercedes,0
2051,2016,mercedes,0
2052,2017,mercedes,0
2053,2018,mercedes,0
2054,2019,mercedes,0
2055,2014,williams,0
2056,2015,williams,0
2057,2016,williams,0
2058,2017,williams,0
2059,2014,caterham,0
2060,2014,red_bull,0
2061,2015,red_bull,0
2062,2016,red_bull,0
2063,2017,red_bull,0
2064,2018,red_bull,0
2066,2015,manor,0
2068,2016,alfa,0
2069,2015,alphatauri,0
2070,2016,alphatauri,0
2072,2018,renault,0
2073,2019,mclaren,0
2074,2015,alphatauri,0
2075,2016,red_bull,0
2076,2017,red_bull,0
2077,2018,red_bull,0
2078,2019,red_bull,1
2079,2015,manor,0
2080,2016,renault,0
2081,2017,renault,0
2082,2016,manor,0
2083,2017,alfa,0
2084,2017,mclaren,0
2085,2018,mclaren,0
2086,2016,manor,0
2087,2017,racing_point,0
2088,2018,racing_point,0
2089,2019,alfa,0
2090,2017,williams,1
2091,2018,williams,0
2092,2019,racing_point,0
2093,2017,alphatauri,0
2094,2018,alphatauri,0
2095,2019,alphatauri,0
2096,2018,alphatauri,0
2097,2018,alfa,1
2098,2019,ferrari,0
2099,2018,williams,0
2100,2019,mclaren,0
2101,2019,red_bull,0
2102,2019,williams,0
2103,2019,williams,0
2104,2021,,1
2105,2014,mercedes,0
2106,2015,mercedes,1
2107,2016,mercedes,0
2108,2014,mclaren,0
2109,2016,renault,0
2110,2017,haas,0
2111,2018,haas,0
2112,2019,haas,0
2113,2020,haas,0
2114,2014,mclaren,0
2115,2015,mclaren,0
2116,2016,mclaren,0
2117,2014,ferrari,0
2118,2015,mclaren,0
2119,2016,mclaren,0
2120,2017,mclaren,1
2121,2018,mclaren,0
2122,2014,williams,0
2124,2016,williams,0
2125,2017,mercedes,0
2126,2018,mercedes,0
2127,2019,mercedes,0
2128,2020,mercedes,0
2129,2014,racing_point,0
2132,2017,renault,0
2133,2018,renault,0
2134,2019,renault,0
2135,2014,ferrari,0
2136,2015,ferrari,0
2137,2016,ferrari,0
2138,2017,ferrari,0
2139,2018,ferrari,0
2140,2019,alfa,0
2141,2020,alfa,0
2142,2014,alphatauri,0
2143,2014,alphatauri,0
2144,2015,red_bull,0
2145,2016,red_bull,0
2146,2017,alphatauri,0
2147,2019,alphatauri,0
2148,2020,alphatauri,0
2149,2014,racing_point,0
2150,2015,racing_point,0
2151,2016,racing_point,0
2152,2017,racing_point,0
2153,2018,racing_point,0
2154,2019,racing_point,0
2155,2020,racing_point,0
2156,2014,alfa,0
2157,2014,alfa,0
2158,2016,haas,0
2159,2014,manor,1
2160,2014,renault,0
2162,2016,haas,0
2164,2018,haas,0
2166,2020,haas,0
2167,2014,renault,0
2168,2015,renault,0
2169,2014,caterham,0
2171,2016,alfa,0
2172,2017,alfa,0
2173,2018,alfa,0
2174,2014,red_bull,0
2175,2015,ferrari,0
2177,2017,ferrari,0
2178,2018,ferrari,0
2179,2019,ferrari,1
2180,2020,ferrari,0
2181,2014,mercedes,0
2182,2015,mercedes,0
2183,2016,mercedes,0
2184,2017,mercedes,0
2185,2018,mercedes,0
2186,2019,mercedes,0
2187,2020,mercedes,0
2188,2014,williams,0
2189,2015,williams,0
2190,2016,williams,0
2191,2017,williams,0
2192,2014,caterham,1
2193,2014,red_bull,0
2194,2015,red_bull,1
2195,2016,red_bull,0
2196,2017,red_bull,1
2197,2018,red_bull,0
2199,2020,renault,0
2200,2015,manor,0
2201,2015,manor,1
2202,2015,alfa,0
2203,2016,alfa,0
2204,2015,alphatauri,1
2205,2016,alphatauri,0
2206,2017,alphatauri,0
2207,2018,renault,0
2208,2019,mclaren,0
2210,2015,alphatauri,0
2211,2016,alphatauri,1
2212,2017,red_bull,0
2213,2018,red_bull,0
2214,2019,red_bull,0
2215,2020,red_bull,0
2216,2015,manor,0
2217,2015,manor,1
2218,2016,renault,0
2220,2016,manor,0
2221,2017,alfa,0
2223,2017,mclaren,0
2224,2018,mclaren,0
2225,2017,racing_point,0
2226,2018,racing_point,0
2227,2020,renault,0
2228,2019,alfa,0
2229,2020,alfa,0
2230,2017,williams,0
2231,2018,williams,0
2232,2019,racing_point,0
2234,2018,alphatauri,1
2235,2019,alphatauri,0
2236,2020,alphatauri,0
2237,2018,alphatauri,1
2238,2018,alfa,0
2239,2019,ferrari,0
2240,2020,ferrari,0
2241,2018,williams,0
2242,2019,mclaren,0
2243,2020,mclaren,0
2244,2019,red_bull,0
2245,2020,red_bull,0
2246,2019,williams,1
2247,2020,williams,0
2248,2019,williams,1
2249,2020,williams,0
2250,2021,,1
2251,2014,mercedes,0
2252,2015,mercedes,0
2253,2016,mercedes,0
2254,2014,mclaren,0
2255,2016,renault,0
2256,2017,haas,0
2258,2019,haas,1
2259,2014,mclaren,0
2260,2015,mclaren,0
2261,2016,mclaren,0
2262,2014,ferrari,0
2263,2015,mclaren,0
2264,2016,mclaren,0
2265,2017,mclaren,1
2267,2014,williams,0
2269,2016,williams,0
2270,2017,mercedes,0
2271,2018,mercedes,0
2272,2019,mercedes,0
2273,2014,racing_point,1
2276,2017,renault,1
2277,2018,renault,0
2278,2019,renault,0
2279,2014,ferrari,0
2280,2015,ferrari,1
2281,2016,ferrari,1
2282,2017,ferrari,0
2283,2018,ferrari,0
2284,2019,alfa,0
2285,2014,alphatauri,0
2286,2014,alphatauri,0
2288,2016,alphatauri,0
2289,2017,alphatauri,0
2290,2019,alphatauri,0
2292,2015,racing_point,0
2293,2016,racing_point,0
2294,2017,racing_point,0
2295,2018,racing_point,0
2296,2019,racing_point,0
2298,2014,alfa,0
2299,2016,haas,1
2300,2014,renault,0
2302,2016,haas,0
2303,2017,haas,0
2305,2019,haas,0
2306,2014,renault,0
2307,2015,renault,0
2309,2016,alfa,0
2310,2017,alfa,0
2311,2018,alfa,0
2312,2014,red_bull,0
2313,2015,ferrari,0
2314,2016,ferrari,0
2315,2017,ferrari,0
2316,2018,ferrari,0
2317,2019,ferrari,1
2318,2014,mercedes,0
2319,2015,mercedes,0
2320,2016,mercedes,0
2321,2017,mercedes,0
2322,2018,mercedes,0
2323,2019,mercedes,0
2324,2014,williams,0
2326,2016,williams,0
2327,2017,williams,0
2328,2014,red_bull,0
2329,2015,red_bull,0
2330,2016,red_bull,0
2331,2017,red_bull,1
2332,2018,red_bull,1
2333,2019,renault,0
2335,2015,manor,1
2336,2015,alfa,0
2337,2016,alfa,0
2338,2015,alphatauri,0
2339,2016,alphatauri,0
2340,2017,renault,0
2341,2018,renault,0
2342,2019,mclaren,0
2343,2015,alphatauri,0
2344,2016,red_bull,1
2345,2017,red_bull,0
2346,2018,red_bull,0
2347,2019,red_bull,0
2348,2015,manor,0
2349,2015,manor,1
2350,2016,renault,0
2351,2016,manor,0
2353,2017,mclaren,0
2354,2018,mclaren,0
2355,2016,manor,0
2356,2017,racing_point,0
2358,2019,alfa,0
2359,2017,williams,0
2360,2018,williams,0
2361,2019,racing_point,0
2362,2018,alphatauri,0
2363,2019,alphatauri,1
2364,2017,alphatauri,0
2365,2018,alphatauri,0
2367,2019,ferrari,0
2368,2018,williams,0
2369,2019,mclaren,0
2370,2019,red_bull,0
2371,2019,williams,0
2372,2019,williams,1
2373,2021,,1
2374,2014,mercedes,0
2375,2015,mercedes,0
2376,2016,mercedes,0
2377,2014,mclaren,0
2378,2016,renault,0
2380,2018,haas,0
2381,2019,haas,0
2382,2014,mclaren,0
2383,2015,mclaren,0
2384,2016,mclaren,0
2385,2014,ferrari,0
2386,2015,mclaren,0
2387,2016,mclaren,0
2388,2017,mclaren,0
2389,2018,mclaren,0
2390,2014,williams,0
2391,2015,williams,0
2392,2016,williams,0
2393,2017,mercedes,0
2394,2018,mercedes,0
2395,2019,mercedes,1
2396,2014,racing_point,0
2397,2015,racing_point,0
2398,2016,racing_point,0
2399,2017,renault,0
2400,2018,renault,1
2401,2019,renault,0
2402,2014,ferrari,0
2403,2015,ferrari,0
2405,2017,ferrari,0
2406,2018,ferrari,0
2407,2019,alfa,0
2408,2014,alphatauri,0
2409,2014,alphatauri,0
2410,2015,red_bull,0
2411,2016,alphatauri,0
2412,2019,alphatauri,0
2413,2014,racing_point,0
2414,2015,racing_point,0
2415,2016,racing_point,0
2416,2017,racing_point,0
2417,2018,racing_point,0
2418,2019,racing_point,0
2419,2014,alfa,0
2420,2014,alfa,0
2422,2014,renault,0
2423,2015,renault,0
2425,2017,haas,0
2426,2018,haas,0
2427,2019,haas,0
2428,2014,renault,0
2429,2015,renault,0
2430,2015,alfa,0
2432,2017,alfa,0
2434,2014,red_bull,0
2435,2015,ferrari,0
2436,2016,ferrari,0
2437,2017,ferrari,0
2438,2018,ferrari,0
2440,2014,mercedes,0
2441,2015,mercedes,0
2442,2016,mercedes,0
2443,2017,mercedes,0
2444,2018,mercedes,0
2445,2019,mercedes,0
2446,2014,williams,0
2449,2017,williams,0
2450,2014,red_bull,1
2451,2015,red_bull,0
2452,2016,red_bull,0
2453,2017,red_bull,0
2454,2018,red_bull,0
2455,2019,renault,0
2456,2015,manor,0
2457,2015,manor,1
2458,2015,alfa,0
2459,2016,alfa,0
2461,2016,alphatauri,0
2462,2017,renault,0
2463,2018,renault,0
2464,2019,mclaren,0
2465,2015,alphatauri,0
2466,2016,red_bull,0
2467,2017,red_bull,0
2468,2018,red_bull,0
2469,2019,red_bull,0
2470,2015,manor,0
2471,2015,manor,1
2473,2016,manor,0
2474,2017,alfa,0
2476,2018,mclaren,0
2477,2016,manor,0
2479,2018,racing_point,0
2480,2019,alfa,0
2481,2017,williams,0
2482,2018,williams,0
2483,2019,racing_point,1
2484,2017,alphatauri,0
2485,2018,alphatauri,0
2486,2019,alphatauri,0
2487,2017,alphatauri,1
2488,2018,alphatauri,0
2489,2018,alfa,0
2491,2018,williams,0
2492,2019,mclaren,0
2493,2019,red_bull,0
2494,2019,williams,0
2495,2019,williams,0
2496,2021,,1
2497,2014,mercedes,0
2498,2015,mercedes,0
2499,2016,mercedes,0
2500,2014,mclaren,0
2501,2016,renault,1
2502,2017,haas,0
2503,2018,haas,0
2504,2019,haas,0
2505,2020,haas,0
2506,2014,mclaren,0
2507,2015,mclaren,0
2508,2016,mclaren,1
2509,2014,ferrari,0
2510,2015,mclaren,0
2511,2016,mclaren,0
2512,2017,mclaren,0
2513,2018,mclaren,0
2514,2014,williams,0
2515,2015,williams,0
2516,2016,williams,1
2517,2017,mercedes,0
2518,2018,mercedes,0
2519,2019,mercedes,0
2520,2020,mercedes,0
2521,2014,racing_point,0
2522,2015,racing_point,0
2523,2016,racing_point,0
2524,2017,renault,0
2526,2019,renault,0
2527,2014,ferrari,0
2528,2015,ferrari,0
2529,2016,ferrari,0
2530,2017,ferrari,0
2531,2018,ferrari,1
2532,2019,alfa,0
2533,2020,alfa,0
2534,2014,alphatauri,0
2535,2014,alphatauri,1
2536,2015,red_bull,0
2537,2016,alphatauri,1
2538,2019,alphatauri,0
2539,2020,alphatauri,0
2540,2014,racing_point,0
2541,2015,racing_point,0
2542,2016,racing_point,0
2543,2017,racing_point,0
2544,2018,racing_point,0
2545,2019,racing_point,0
2546,2020,racing_point,1
2547,2014,alfa,0
2548,2014,alfa,0
2549,2016,haas,0
2550,2014,renault,0
2551,2015,renault,0
2552,2016,haas,0
2553,2017,haas,0
2554,2018,haas,0
2555,2019,haas,0
2556,2014,renault,1
2558,2015,alfa,0
2559,2016,alfa,0
2560,2017,alfa,0
2561,2018,alfa,1
2562,2014,red_bull,0
2563,2015,ferrari,0
2564,2016,ferrari,0
2565,2017,ferrari,0
2566,2018,ferrari,0
2567,2019,ferrari,0
2568,2020,ferrari,0
2569,2014,mercedes,0
2570,2015,mercedes,0
2571,2016,mercedes,0
2572,2017,mercedes,0
2573,2018,mercedes,0
2574,2019,mercedes,0
2575,2020,mercedes,0
2576,2014,williams,0
2577,2015,williams,0
2578,2016,williams,0
2579,2017,williams,0
2581,2014,red_bull,0
2582,2015,red_bull,0
2583,2016,red_bull,0
2584,2017,red_bull,1
2585,2018,red_bull,0
2586,2019,renault,0
2587,2020,renault,0
2588,2014,caterham,0
2589,2015,manor,0
2590,2015,alfa,0
2591,2016,alfa,0
2592,2015,alphatauri,0
2594,2017,renault,1
2595,2018,renault,0
2596,2019,mclaren,0
2597,2020,mclaren,0
2598,2015,alphatauri,0
2599,2016,red_bull,0
2600,2017,red_bull,0
2601,2018,red_bull,0
2602,2019,red_bull,0
2603,2020,red_bull,0
2604,2015,manor,0
2605,2016,renault,0
2606,2016,manor,0
2607,2017,alfa,0
2608,2017,mclaren,0
2609,2018,mclaren,0
2610,2016,manor,0
2611,2017,racing_point,0
2612,2018,racing_point,1
2613,2020,renault,0
2614,2019,alfa,0
2615,2020,alfa,0
2616,2017,williams,0
2617,2018,williams,0
2618,2019,racing_point,1
2619,2020,racing_point,0
2620,2017,alphatauri,0
2621,2018,alphatauri,1
2622,2019,alphatauri,0
2623,2020,alphatauri,0
2624,2017,alphatauri,0
2625,2018,alphatauri,0
2626,2018,alfa,0
2627,2019,ferrari,0
2628,2020,ferrari,0
2629,2018,williams,0
2630,2019,mclaren,0
2631,2020,mclaren,0
2632,2019,red_bull,0
2633,2020,red_bull,0
2634,2019,williams,0
2635,2020,williams,0
2636,2019,williams,0
2637,2020,williams,0
2638,2020,haas,0
2639,2021,,1
2640,2015,mercedes,0
2641,2016,mercedes,0
2642,2016,renault,0
2643,2017,haas,0
2644,2018,haas,0
2645,2019,haas,0
2646,2015,mclaren,0
2647,2016,mclaren,0
2649,2016,mclaren,0
2650,2017,mclaren,0
2651,2018,mclaren,1
2652,2015,williams,0
2653,2016,williams,0
2654,2017,mercedes,0
2655,2018,mercedes,0
2656,2019,mercedes,0
2657,2015,racing_point,0
2658,2016,racing_point,0
2659,2017,renault,1
2660,2018,renault,0
2661,2019,renault,0
2663,2016,ferrari,0
2664,2017,ferrari,0
2665,2018,ferrari,0
2666,2019,alfa,1
2667,2015,red_bull,0
2668,2016,alphatauri,0
2669,2019,alphatauri,0
2670,2015,racing_point,0
2671,2016,racing_point,0
2672,2017,racing_point,0
2673,2018,racing_point,1
2674,2019,racing_point,0
2675,2016,haas,0
2676,2015,renault,0
2677,2016,haas,0
2678,2017,haas,0
2679,2018,haas,0
2680,2019,haas,0
2681,2015,renault,0
2682,2015,alfa,0
2683,2016,alfa,0
2684,2017,alfa,1
2685,2018,alfa,0
2687,2016,ferrari,0
2688,2017,ferrari,0
2689,2018,ferrari,0
2690,2019,ferrari,0
2691,2015,mercedes,0
2692,2016,mercedes,0
2693,2017,mercedes,0
2694,2018,mercedes,0
2695,2019,mercedes,0
2696,2015,williams,0
2697,2016,williams,0
2698,2017,williams,0
2699,2015,red_bull,0
2700,2016,red_bull,0
2701,2017,red_bull,1
2702,2018,red_bull,1
2703,2019,renault,0
2704,2015,manor,0
2705,2015,manor,1
2706,2015,alfa,1
2707,2016,alfa,0
2708,2015,alphatauri,0
2709,2016,alphatauri,0
2710,2017,renault,1
2711,2018,renault,1
2712,2019,mclaren,0
2713,2015,alphatauri,0
2714,2016,red_bull,0
2715,2017,red_bull,0
2716,2018,red_bull,0
2717,2019,red_bull,0
2718,2015,manor,0
2719,2015,manor,1
2720,2016,renault,0
2722,2017,alfa,0
2723,2017,mclaren,0
2724,2018,mclaren,0
2725,2016,manor,0
2726,2017,racing_point,0
2727,2018,racing_point,0
2728,2019,alfa,0
2729,2017,williams,0
2730,2018,williams,0
2731,2019,racing_point,0
2732,2017,alphatauri,0
2733,2018,alphatauri,0
2734,2019,alphatauri,0
2735,2017,alphatauri,1
2736,2018,alphatauri,0
2737,2018,alfa,0
2738,2019,ferrari,0
2739,2018,williams,0
2741,2019,red_bull,0
2742,2019,williams,0
2743,2019,williams,0
2744,2021,,1
2745,2016,mercedes,0
2746,2016,renault,0
2747,2017,haas,0
2748,2018,haas,0
2749,2019,haas,0
2750,2016,mclaren,0
2751,2016,mclaren,1
2752,2017,mclaren,0
2753,2018,mclaren,0
2754,2021,renault,0
2755,2016,williams,0
2756,2017,mercedes,0
2758,2019,mercedes,0
2759,2021,mercedes,0
2760,2016,racing_point,0
2763,2019,renault,0
2764,2016,ferrari,0
2765,2017,ferrari,1
2766,2018,ferrari,0
2767,2019,alfa,0
2768,2021,alfa,0
2769,2016,alphatauri,1
2770,2017,alphatauri,1
2772,2016,racing_point,0
2773,2017,racing_point,1
2774,2018,racing_point,0
2775,2019,racing_point,0
2776,2021,red_bull,0
2777,2016,haas,0
2778,2016,haas,0
2779,2017,haas,0
2781,2019,haas,1
2782,2016,alfa,0
2783,2017,alfa,0
2784,2018,alfa,0
2785,2016,ferrari,0
2786,2017,ferrari,0
2787,2018,ferrari,0
2788,2019,ferrari,0
2789,2021,racing_point,0
2790,2016,mercedes,0
2791,2017,mercedes,0
2792,2018,mercedes,0
2793,2019,mercedes,0
2794,2021,mercedes,0
2795,2016,williams,0
2796,2017,williams,1
2797,2016,red_bull,0
2798,2017,red_bull,0
2801,2021,mclaren,0
2802,2016,alfa,0
2803,2016,alphatauri,1
2804,2017,alphatauri,0
2805,2018,renault,0
2806,2019,mclaren,0
2807,2021,ferrari,0
2808,2016,red_bull,0
2809,2017,red_bull,1
2811,2019,red_bull,0
2813,2016,renault,0
2814,2017,renault,1
2815,2016,manor,1
2816,2017,alfa,0
2817,2016,manor,0
2818,2017,mclaren,0
2819,2018,mclaren,0
2820,2017,racing_point,0
2822,2021,renault,1
2823,2019,alfa,0
2824,2021,alfa,0
2825,2017,williams,0
2826,2018,williams,0
2827,2019,racing_point,0
2829,2018,alphatauri,0
2830,2019,red_bull,1
2831,2021,alphatauri,0
2832,2018,alphatauri,0
2833,2018,alfa,0
2834,2019,ferrari,0
2835,2021,ferrari,0
2837,2019,mclaren,0
2838,2021,mclaren,0
2839,2019,alphatauri,0
2840,2019,williams,0
2841,2021,williams,1
2842,2019,williams,0
2843,2021,williams,0
2844,2021,alphatauri,0
2845,2021,haas,0
2846,2021,haas,0
2847,2018,haas,0
2848,2019,haas,0
2849,2018,mclaren,1
2850,2021,renault,0
2851,2018,mercedes,0
2852,2019,mercedes,0
2853,2021,mercedes,0
2854,2018,renault,0
2855,2019,renault,0
2856,2018,ferrari,0
2857,2019,alfa,0
2858,2021,alfa,0
2859,2019,alphatauri,0
2860,2018,racing_point,1
2861,2019,racing_point,0
2862,2021,red_bull,0
2863,2018,haas,0
2865,2018,alfa,0
2866,2018,ferrari,0
2867,2019,ferrari,0
2868,2021,racing_point,0
2869,2018,mercedes,0
2870,2019,mercedes,0
2871,2021,mercedes,0
2872,2018,red_bull,0
2873,2019,renault,0
2874,2021,mclaren,0
2875,2018,renault,0
2876,2019,mclaren,0
2877,2021,ferrari,0
2878,2018,red_bull,0
2879,2019,red_bull,0
2880,2021,red_bull,0
2881,2018,mclaren,0
2883,2021,renault,0
2884,2019,alfa,0
2885,2021,alfa,0
2887,2019,racing_point,0
2888,2021,racing_point,0
2890,2019,red_bull,0
2891,2021,alphatauri,0
2892,2018,alphatauri,0
2893,2018,alfa,0
2894,2019,ferrari,0
2895,2021,ferrari,0
2896,2018,williams,0
2897,2019,mclaren,0
2898,2021,mclaren,0
2899,2019,alphatauri,0
2900,2019,williams,0
2901,2021,williams,0
2902,2019,williams,0
2903,2021,williams,0
2904,2021,alphatauri,0
2905,2021,haas,0
2906,2021,haas,0
2908,2020,mercedes,0
2909,2020,alfa,0
2910,2020,alphatauri,0
2911,2020,racing_point,0
2912,2020,haas,0
2913,2020,ferrari,0
2914,2020,mercedes,0
2915,2020,renault,0
2918,2020,renault,1
2922,2020,ferrari,0
2923,2020,mclaren,0
2924,2020,red_bull,0
2925,2020,williams,0
2927,2020,haas,0
2928,2020,mercedes,1
2929,2020,racing_point,0
2930,2020,alfa,0
2931,2020,alphatauri,0
2932,2020,racing_point,0
2933,2020,haas,0
2934,2020,ferrari,0
2935,2020,mercedes,0
2936,2020,renault,0
2937,2020,mclaren,0
2938,2020,red_bull,0
2939,2020,renault,1
2940,2020,alfa,0
2941,2020,alphatauri,0
2942,2020,ferrari,0
2943,2020,mclaren,1
2944,2020,red_bull,1
2946,2020,williams,0
2947,2020,haas,0
2948,2021,renault,0
2949,2020,mercedes,0
2950,2021,mercedes,0
2951,2020,alfa,0
2953,2020,alphatauri,0
2954,2020,racing_point,0
2955,2021,red_bull,0
2956,2020,haas,0
2957,2020,ferrari,0
2958,2021,racing_point,0
2959,2020,mercedes,0
2960,2021,mercedes,0
2961,2020,renault,0
2962,2021,mclaren,0
2963,2020,mclaren,0
2964,2021,ferrari,0
2965,2020,red_bull,0
2966,2021,red_bull,0
2967,2020,renault,0
2968,2021,renault,0
2969,2020,alfa,0
2970,2021,alfa,0
2972,2021,racing_point,0
2973,2020,alphatauri,0
2974,2021,alphatauri,0
2975,2020,ferrari,0
2976,2021,ferrari,0
2977,2020,mclaren,0
2978,2021,mclaren,0
2979,2020,red_bull,0
2980,2020,williams,0
2981,2021,williams,0
2982,2020,williams,0
2983,2021,williams,0
2984,2021,alphatauri,0
2985,2021,haas,0
2986,2021,haas,0
2988,2021,renault,0
2989,2020,mercedes,0
2991,2020,alfa,0
2992,2021,alfa,0
2993,2020,alphatauri,0
2994,2020,racing_point,0
2995,2021,red_bull,0
2996,2020,haas,0
2997,2020,ferrari,0
2998,2021,racing_point,1
2999,2020,mercedes,0
3000,2021,mercedes,0
3001,2020,renault,0
3002,2021,mclaren,0
3003,2020,mclaren,0
3004,2021,ferrari,0
3006,2021,red_bull,0
3007,2020,renault,1
3008,2021,renault,0
3009,2020,alfa,0
3010,2021,alfa,0
3011,2020,racing_point,0
3012,2021,racing_point,0
3013,2020,alphatauri,1
3014,2021,alphatauri,0
3015,2020,ferrari,0
3016,2021,ferrari,0
3017,2020,mclaren,0
3018,2021,mclaren,0
3019,2020,red_bull,0
3022,2020,williams,0
3024,2021,alphatauri,0
3025,2021,haas,0
3026,2021,haas,0
3028,2020,mercedes,0
3029,2020,alfa,0
3030,2020,alphatauri,0
3031,2020,racing_point,0
3033,2020,ferrari,0
3034,2020,mercedes,0
3035,2020,renault,0
3036,2020,mclaren,0
3037,2020,red_bull,0
3038,2020,renault,0
3039,2020,alfa,1
3040,2020,racing_point,0
3041,2020,alphatauri,0
3042,2020,ferrari,0
3043,2020,mclaren,0
3044,2020,red_bull,0
3045,2020,williams,0
3047,2021,,1
3048,2021,,1
3049,2021,,1
