,country,nationality,scored,nat_country
0,Australia,German,1,Germany
1,Australia,German,1,Germany
2,Australia,German,1,Germany
9,Australia,British,1,UK
10,Australia,British,0,UK
11,Australia,British,0,UK
12,Australia,Spanish,1,Spain
13,Australia,Spanish,0,Spain
14,Australia,Spanish,0,Spain
15,Australia,Spanish,1,Spain
22,Australia,German,1,Germany
23,Australia,German,1,Germany
24,Australia,German,1,Germany
25,Australia,German,0,Germany
26,Australia,German,1,Germany
27,Australia,German,1,Germany
34,Australia,French,1,France
35,Australia,Russian,1,Russia
36,Australia,Russian,0,Russia
37,Australia,Russian,0,Russia
38,Australia,Russian,1,Russia
39,Australia,Russian,1,Russia
40,Australia,Mexican,1,Mexico
41,Australia,Mexican,1,Mexico
42,Australia,Mexican,0,Mexico
43,Australia,Mexican,1,Mexico
44,Australia,Mexican,0,Mexico
45,Australia,Mexican,0,Mexico
46,Australia,German,0,Germany
47,Australia,Mexican,0,Mexico
48,Australia,Mexican,0,Mexico
49,Australia,British,0,UK
50,Australia,French,0,France
51,Australia,French,0,France
52,Australia,French,0,France
53,Australia,French,1,France
54,Australia,French,0,France
55,Australia,French,0,France
56,Australia,French,0,France
64,Australia,German,0,Germany
65,Australia,German,1,Germany
66,Australia,German,1,Germany
67,Australia,German,1,Germany
68,Australia,German,1,Germany
69,Australia,German,1,Germany
70,Australia,British,0,UK
71,Australia,British,1,UK
72,Australia,British,1,UK
73,Australia,British,1,UK
74,Australia,British,1,UK
75,Australia,British,1,UK
76,Australia,Brazilian,0,Brazil
77,Australia,Brazilian,1,Brazil
78,Australia,Brazilian,1,Brazil
79,Australia,Brazilian,1,Brazil
80,Australia,Japanese,0,Japan
81,Australia,Australian,0,Australia
82,Australia,Australian,1,Australia
83,Australia,Australian,1,Australia
84,Australia,Australian,0,Australia
85,Australia,Australian,1,Australia
86,Australia,Australian,0,Australia
87,Australia,Brazilian,1,Brazil
88,Australia,Brazilian,0,Brazil
89,Australia,Spanish,1,Spain
90,Australia,Spanish,1,Spain
91,Australia,Spanish,1,Spain
92,Australia,Spanish,1,Spain
93,Australia,Spanish,0,Spain
94,Australia,Dutch,0,Austria
95,Australia,Dutch,1,Austria
96,Australia,Dutch,1,Austria
97,Australia,Dutch,1,Austria
98,Australia,Dutch,1,Austria
99,Australia,British,0,UK
100,Australia,British,0,UK
101,Australia,German,0,Germany
103,Australia,Belgian,0,Belgium
104,Australia,Belgian,1,Belgium
105,Australia,French,1,France
106,Australia,French,0,France
107,Australia,Italian,0,Italy
108,Australia,Italian,0,Italy
109,Australia,Canadian,0,Canada
110,Australia,Canadian,0,Canada
111,Australia,Canadian,1,Canada
112,Australia,French,0,France
113,Australia,French,0,France
115,Australia,Monegasque,0,Monaco
116,Australia,Monegasque,1,Monaco
117,Australia,Russian,0,Russia
118,Australia,British,0,UK
120,Australia,British,0,UK
515,Spain,German,1,Germany
516,Spain,German,1,Germany
517,Spain,German,0,Germany
524,Spain,British,0,UK
525,Spain,British,0,UK
526,Spain,British,1,UK
527,Spain,Spanish,1,Spain
528,Spain,Spanish,0,Spain
529,Spain,Spanish,0,Spain
530,Spain,Spanish,0,Spain
531,Spain,Spanish,1,Spain
532,Spain,Spanish,0,Spain
541,Spain,German,1,Germany
542,Spain,German,0,Germany
543,Spain,German,0,Germany
544,Spain,German,1,Germany
545,Spain,German,0,Germany
546,Spain,German,0,Germany
555,Spain,French,0,France
556,Spain,Russian,0,Russia
557,Spain,Russian,1,Russia
558,Spain,Russian,1,Russia
559,Spain,Russian,1,Russia
560,Spain,Russian,1,Russia
561,Spain,Russian,0,Russia
562,Spain,Mexican,1,Mexico
563,Spain,Mexican,0,Mexico
564,Spain,Mexican,1,Mexico
565,Spain,Mexican,1,Mexico
566,Spain,Mexican,1,Mexico
567,Spain,Mexican,0,Mexico
568,Spain,Mexican,1,Mexico
569,Spain,Mexican,1,Mexico
570,Spain,German,0,Germany
571,Spain,Mexican,0,Mexico
572,Spain,Mexican,0,Mexico
573,Spain,British,0,UK
574,Spain,French,0,France
575,Spain,French,1,France
576,Spain,French,1,France
577,Spain,French,0,France
578,Spain,French,1,France
579,Spain,French,0,France
580,Spain,French,1,France
581,Spain,French,0,France
589,Spain,German,1,Germany
590,Spain,German,1,Germany
591,Spain,German,1,Germany
592,Spain,German,1,Germany
593,Spain,German,1,Germany
594,Spain,German,1,Germany
595,Spain,German,1,Germany
596,Spain,German,0,Germany
597,Spain,British,1,UK
598,Spain,British,1,UK
599,Spain,British,0,UK
600,Spain,British,1,UK
601,Spain,British,1,UK
602,Spain,British,1,UK
603,Spain,British,1,UK
604,Spain,British,1,UK
605,Spain,Brazilian,0,Brazil
606,Spain,Brazilian,1,Brazil
607,Spain,Brazilian,1,Brazil
608,Spain,Brazilian,0,Brazil
609,Spain,Japanese,0,Japan
610,Spain,Australian,1,Australia
611,Spain,Australian,1,Australia
612,Spain,Australian,1,Australia
613,Spain,Australian,1,Australia
614,Spain,Australian,1,Australia
615,Spain,Australian,0,Australia
616,Spain,Australian,0,Australia
617,Spain,Australian,1,Australia
618,Spain,British,0,UK
619,Spain,Brazilian,0,Brazil
620,Spain,Brazilian,0,Brazil
621,Spain,Spanish,1,Spain
622,Spain,Spanish,1,Spain
623,Spain,Spanish,1,Spain
624,Spain,Spanish,1,Spain
625,Spain,Spanish,1,Spain
626,Spain,Spanish,1,Spain
627,Spain,Spanish,1,Spain
628,Spain,Dutch,0,Austria
629,Spain,Dutch,1,Austria
630,Spain,Dutch,0,Austria
631,Spain,Dutch,1,Austria
632,Spain,Dutch,1,Austria
633,Spain,Dutch,1,Austria
634,Spain,Dutch,1,Austria
635,Spain,Spanish,0,Spain
636,Spain,British,0,UK
637,Spain,British,0,UK
638,Spain,German,0,Germany
639,Spain,German,1,Germany
641,Spain,Belgian,0,Belgium
642,Spain,Belgian,0,Belgium
643,Spain,French,1,France
644,Spain,French,0,France
645,Spain,French,0,France
646,Spain,French,1,France
647,Spain,Italian,0,Italy
648,Spain,Italian,0,Italy
649,Spain,Italian,0,Italy
650,Spain,Canadian,0,Canada
651,Spain,Canadian,0,Canada
652,Spain,Canadian,0,Canada
653,Spain,Canadian,1,Canada
654,Spain,Canadian,0,Canada
655,Spain,French,0,France
656,Spain,French,1,France
657,Spain,French,1,France
658,Spain,French,1,France
660,Spain,Monegasque,1,Monaco
661,Spain,Monegasque,1,Monaco
662,Spain,Monegasque,0,Monaco
663,Spain,Monegasque,1,Monaco
664,Spain,Russian,0,Russia
665,Spain,British,0,UK
666,Spain,British,1,UK
667,Spain,British,1,UK
670,Spain,British,0,UK
671,Spain,British,0,UK
672,Spain,British,0,UK
674,Spain,Canadian,0,Canada
675,Spain,Canadian,0,Canada
676,Spain,Japanese,0,Japan
677,Spain,German,0,Germany
678,Spain,Russian,0,Russia
679,Monaco,German,1,Germany
680,Monaco,German,1,Germany
681,Monaco,German,1,Germany
687,Monaco,British,1,UK
688,Monaco,British,1,UK
689,Monaco,British,1,UK
690,Monaco,British,0,UK
691,Monaco,Spanish,1,Spain
692,Monaco,Spanish,0,Spain
693,Monaco,Spanish,1,Spain
694,Monaco,Spanish,0,Spain
695,Monaco,Spanish,0,Spain
703,Monaco,German,1,Germany
704,Monaco,German,0,Germany
705,Monaco,German,1,Germany
706,Monaco,German,0,Germany
707,Monaco,German,1,Germany
708,Monaco,German,0,Germany
716,Monaco,French,0,France
717,Monaco,Russian,0,Russia
718,Monaco,Russian,1,Russia
719,Monaco,Russian,0,Russia
720,Monaco,Russian,0,Russia
721,Monaco,Russian,1,Russia
722,Monaco,Mexican,0,Mexico
723,Monaco,Mexican,1,Mexico
724,Monaco,Mexican,1,Mexico
725,Monaco,Mexican,0,Mexico
726,Monaco,Mexican,0,Mexico
727,Monaco,Mexican,0,Mexico
728,Monaco,Mexican,1,Mexico
729,Monaco,German,0,Germany
730,Monaco,Mexican,0,Mexico
731,Monaco,Mexican,0,Mexico
732,Monaco,British,0,UK
733,Monaco,French,1,France
734,Monaco,French,1,France
735,Monaco,French,0,France
736,Monaco,French,0,France
737,Monaco,French,1,France
738,Monaco,French,0,France
739,Monaco,French,1,France
747,Monaco,German,0,Germany
748,Monaco,German,1,Germany
749,Monaco,German,1,Germany
750,Monaco,German,1,Germany
751,Monaco,German,1,Germany
752,Monaco,German,1,Germany
753,Monaco,German,1,Germany
754,Monaco,British,1,UK
755,Monaco,British,1,UK
756,Monaco,British,1,UK
757,Monaco,British,1,UK
758,Monaco,British,1,UK
759,Monaco,British,1,UK
760,Monaco,British,1,UK
761,Monaco,Brazilian,1,Brazil
762,Monaco,Brazilian,0,Brazil
763,Monaco,Brazilian,1,Brazil
764,Monaco,Brazilian,1,Brazil
765,Monaco,Japanese,0,Japan
766,Monaco,Australian,1,Australia
767,Monaco,Australian,1,Australia
768,Monaco,Australian,1,Australia
769,Monaco,Australian,1,Australia
770,Monaco,Australian,1,Australia
771,Monaco,Australian,1,Australia
772,Monaco,Australian,0,Australia
773,Monaco,British,0,UK
774,Monaco,Brazilian,1,Brazil
775,Monaco,Brazilian,0,Brazil
776,Monaco,Spanish,1,Spain
777,Monaco,Spanish,1,Spain
778,Monaco,Spanish,1,Spain
779,Monaco,Spanish,1,Spain
780,Monaco,Spanish,1,Spain
781,Monaco,Spanish,1,Spain
782,Monaco,Dutch,0,Austria
783,Monaco,Dutch,0,Austria
784,Monaco,Dutch,1,Austria
785,Monaco,Dutch,1,Austria
786,Monaco,Dutch,1,Austria
787,Monaco,Dutch,1,Austria
788,Monaco,Spanish,0,Spain
789,Monaco,British,0,UK
790,Monaco,British,0,UK
791,Monaco,German,0,Germany
792,Monaco,German,0,Germany
794,Monaco,Belgian,0,Belgium
795,Monaco,Belgian,0,Belgium
796,Monaco,French,0,France
797,Monaco,French,1,France
798,Monaco,French,1,France
799,Monaco,Italian,0,Italy
800,Monaco,Italian,1,Italy
801,Monaco,Canadian,0,Canada
802,Monaco,Canadian,0,Canada
803,Monaco,Canadian,0,Canada
804,Monaco,Canadian,1,Canada
805,Monaco,French,1,France
806,Monaco,French,1,France
807,Monaco,French,1,France
809,Monaco,Monegasque,0,Monaco
810,Monaco,Monegasque,0,Monaco
811,Monaco,Monegasque,0,Monaco
812,Monaco,Russian,0,Russia
813,Monaco,British,0,UK
814,Monaco,British,1,UK
816,Monaco,British,0,UK
817,Monaco,British,0,UK
819,Monaco,Canadian,0,Canada
820,Monaco,Japanese,0,Japan
821,Monaco,German,0,Germany
822,Monaco,Russian,0,Russia
823,Canada,German,1,Germany
824,Canada,German,1,Germany
825,Canada,German,1,Germany
831,Canada,British,1,UK
832,Canada,British,0,UK
833,Canada,British,0,UK
834,Canada,Spanish,1,Spain
835,Canada,Spanish,0,Spain
836,Canada,Spanish,0,Spain
837,Canada,Spanish,0,Spain
838,Canada,Spanish,0,Spain
845,Canada,German,1,Germany
846,Canada,German,1,Germany
847,Canada,German,1,Germany
848,Canada,German,1,Germany
849,Canada,German,1,Germany
850,Canada,German,1,Germany
857,Canada,French,1,France
858,Canada,Russian,0,Russia
859,Canada,Russian,1,Russia
860,Canada,Russian,0,Russia
861,Canada,Russian,0,Russia
862,Canada,Russian,1,Russia
863,Canada,Mexican,0,Mexico
864,Canada,Mexican,0,Mexico
865,Canada,Mexican,1,Mexico
866,Canada,Mexican,1,Mexico
867,Canada,Mexican,0,Mexico
868,Canada,Mexican,0,Mexico
869,Canada,German,0,Germany
870,Canada,Mexican,0,Mexico
871,Canada,Mexican,0,Mexico
872,Canada,British,0,UK
873,Canada,French,0,France
874,Canada,French,0,France
875,Canada,French,1,France
876,Canada,French,0,France
877,Canada,French,1,France
878,Canada,French,0,France
879,Canada,French,0,France
887,Canada,German,1,Germany
888,Canada,German,1,Germany
889,Canada,German,1,Germany
890,Canada,German,1,Germany
891,Canada,German,1,Germany
892,Canada,German,1,Germany
893,Canada,British,0,UK
894,Canada,British,1,UK
895,Canada,British,1,UK
896,Canada,British,1,UK
897,Canada,British,1,UK
898,Canada,British,1,UK
899,Canada,Brazilian,0,Brazil
900,Canada,Brazilian,1,Brazil
901,Canada,Brazilian,0,Brazil
902,Canada,Brazilian,0,Brazil
903,Canada,Japanese,0,Japan
904,Canada,Australian,1,Australia
905,Canada,Australian,0,Australia
906,Canada,Australian,1,Australia
907,Canada,Australian,1,Australia
908,Canada,Australian,1,Australia
909,Canada,Australian,1,Australia
910,Canada,British,0,UK
911,Canada,Brazilian,0,Brazil
912,Canada,Brazilian,0,Brazil
913,Canada,Spanish,0,Spain
914,Canada,Spanish,1,Spain
915,Canada,Spanish,0,Spain
916,Canada,Spanish,1,Spain
917,Canada,Spanish,0,Spain
918,Canada,Dutch,0,Austria
919,Canada,Dutch,1,Austria
920,Canada,Dutch,0,Austria
921,Canada,Dutch,1,Austria
922,Canada,Dutch,1,Austria
923,Canada,Spanish,0,Spain
924,Canada,British,0,UK
925,Canada,British,0,UK
926,Canada,German,0,Germany
927,Canada,German,0,Germany
929,Canada,Belgian,0,Belgium
930,Canada,Belgian,0,Belgium
931,Canada,French,1,France
932,Canada,French,1,France
933,Canada,Italian,0,Italy
934,Canada,Canadian,1,Canada
935,Canada,Canadian,0,Canada
936,Canada,Canadian,1,Canada
937,Canada,French,0,France
938,Canada,French,1,France
940,Canada,Monegasque,1,Monaco
941,Canada,Monegasque,1,Monaco
942,Canada,Russian,0,Russia
943,Canada,British,0,UK
945,Canada,British,0,UK
947,Austria,German,1,Germany
948,Austria,German,1,Germany
949,Austria,German,1,Germany
957,Austria,British,0,UK
958,Austria,British,0,UK
959,Austria,British,1,UK
960,Austria,Spanish,1,Spain
961,Austria,Spanish,0,Spain
962,Austria,Spanish,0,Spain
963,Austria,Spanish,0,Spain
964,Austria,Spanish,1,Spain
965,Austria,Spanish,1,Spain
966,Austria,Spanish,1,Spain
977,Austria,German,1,Germany
978,Austria,German,1,Germany
979,Austria,German,0,Germany
980,Austria,German,0,Germany
981,Austria,German,0,Germany
982,Austria,German,0,Germany
993,Austria,French,0,France
994,Austria,Russian,0,Russia
995,Austria,Russian,0,Russia
996,Austria,Russian,0,Russia
997,Austria,Russian,0,Russia
998,Austria,Russian,0,Russia
999,Austria,Russian,0,Russia
1000,Austria,Russian,1,Russia
1001,Austria,Mexican,1,Mexico
1002,Austria,Mexican,1,Mexico
1003,Austria,Mexican,0,Mexico
1004,Austria,Mexican,1,Mexico
1005,Austria,Mexican,1,Mexico
1006,Austria,Mexican,0,Mexico
1007,Austria,Mexican,1,Mexico
1008,Austria,Mexican,1,Mexico
1009,Austria,Mexican,1,Mexico
1010,Austria,Mexican,1,Mexico
1011,Austria,German,0,Germany
1012,Austria,Mexican,0,Mexico
1013,Austria,Mexican,0,Mexico
1014,Austria,British,0,UK
1015,Austria,French,0,France
1016,Austria,French,0,France
1017,Austria,French,0,France
1018,Austria,French,1,France
1019,Austria,French,1,France
1020,Austria,French,1,France
1021,Austria,French,0,France
1022,Austria,French,0,France
1023,Austria,French,0,France
1031,Austria,German,0,Germany
1032,Austria,German,1,Germany
1033,Austria,German,0,Germany
1034,Austria,German,1,Germany
1035,Austria,German,1,Germany
1036,Austria,German,1,Germany
1037,Austria,German,1,Germany
1038,Austria,German,0,Germany
1039,Austria,German,0,Germany
1040,Austria,German,0,Germany
1041,Austria,British,1,UK
1042,Austria,British,1,UK
1043,Austria,British,1,UK
1044,Austria,British,1,UK
1045,Austria,British,0,UK
1046,Austria,British,1,UK
1047,Austria,British,1,UK
1048,Austria,British,1,UK
1049,Austria,British,1,UK
1050,Austria,British,1,UK
1051,Austria,Brazilian,1,Brazil
1052,Austria,Brazilian,1,Brazil
1053,Austria,Brazilian,0,Brazil
1054,Austria,Brazilian,1,Brazil
1055,Austria,Japanese,0,Japan
1056,Austria,Australian,1,Australia
1057,Austria,Australian,1,Australia
1058,Austria,Australian,1,Australia
1059,Austria,Australian,1,Australia
1060,Austria,Australian,0,Australia
1061,Austria,Australian,0,Australia
1062,Austria,Australian,0,Australia
1063,Austria,Australian,1,Australia
1064,Austria,Australian,0,Australia
1065,Austria,Australian,1,Australia
1066,Austria,British,0,UK
1067,Austria,Brazilian,0,Brazil
1068,Austria,Brazilian,0,Brazil
1069,Austria,Spanish,0,Spain
1070,Austria,Spanish,1,Spain
1071,Austria,Spanish,0,Spain
1072,Austria,Spanish,0,Spain
1073,Austria,Spanish,1,Spain
1074,Austria,Spanish,1,Spain
1075,Austria,Spanish,1,Spain
1076,Austria,Spanish,1,Spain
1077,Austria,Spanish,1,Spain
1078,Austria,Dutch,1,Austria
1079,Austria,Dutch,1,Austria
1080,Austria,Dutch,0,Austria
1081,Austria,Dutch,1,Austria
1082,Austria,Dutch,1,Austria
1083,Austria,Dutch,0,Austria
1084,Austria,Dutch,1,Austria
1085,Austria,Dutch,1,Austria
1086,Austria,Dutch,1,Austria
1087,Austria,Spanish,0,Spain
1088,Austria,British,0,UK
1089,Austria,British,0,UK
1090,Austria,German,1,Germany
1091,Austria,German,0,Germany
1093,Austria,Belgian,0,Belgium
1094,Austria,Belgian,0,Belgium
1095,Austria,French,1,France
1096,Austria,French,1,France
1097,Austria,French,1,France
1098,Austria,French,0,France
1099,Austria,French,0,France
1100,Austria,French,0,France
1101,Austria,Italian,1,Italy
1102,Austria,Italian,1,Italy
1103,Austria,Italian,0,Italy
1104,Austria,Italian,0,Italy
1105,Austria,Italian,0,Italy
1106,Austria,Canadian,1,Canada
1107,Austria,Canadian,0,Canada
1108,Austria,Canadian,0,Canada
1109,Austria,Canadian,0,Canada
1110,Austria,Canadian,1,Canada
1111,Austria,Canadian,1,Canada
1112,Austria,Canadian,0,Canada
1113,Austria,French,0,France
1114,Austria,French,1,France
1115,Austria,French,1,France
1116,Austria,French,0,France
1117,Austria,French,0,France
1118,Austria,French,1,France
1120,Austria,Monegasque,1,Monaco
1121,Austria,Monegasque,1,Monaco
1122,Austria,Monegasque,1,Monaco
1123,Austria,Monegasque,0,Monaco
1124,Austria,Monegasque,1,Monaco
1125,Austria,Monegasque,1,Monaco
1126,Austria,Russian,0,Russia
1127,Austria,British,1,UK
1128,Austria,British,1,UK
1129,Austria,British,1,UK
1130,Austria,British,1,UK
1131,Austria,British,1,UK
1135,Austria,British,0,UK
1136,Austria,British,0,UK
1137,Austria,British,0,UK
1138,Austria,British,0,UK
1139,Austria,British,0,UK
1141,Austria,Canadian,0,Canada
1142,Austria,Canadian,0,Canada
1143,Austria,Canadian,0,Canada
1144,Austria,Canadian,0,Canada
1145,Austria,Japanese,1,Japan
1146,Austria,Japanese,0,Japan
1147,Austria,German,0,Germany
1148,Austria,German,0,Germany
1149,Austria,Russian,0,Russia
1150,Austria,Russian,0,Russia
1151,UK,German,0,Germany
1152,UK,German,1,Germany
1153,UK,German,1,Germany
1161,UK,British,1,UK
1162,UK,British,0,UK
1163,UK,British,0,UK
1164,UK,Spanish,1,Spain
1165,UK,Spanish,1,Spain
1166,UK,Spanish,0,Spain
1167,UK,Spanish,0,Spain
1168,UK,Spanish,1,Spain
1169,UK,Spanish,1,Spain
1179,UK,German,1,Germany
1180,UK,German,1,Germany
1181,UK,German,1,Germany
1182,UK,German,1,Germany
1183,UK,German,1,Germany
1184,UK,German,1,Germany
1185,UK,German,0,Germany
1186,UK,German,1,Germany
1196,UK,French,1,France
1197,UK,Russian,1,Russia
1198,UK,Russian,1,Russia
1199,UK,Russian,1,Russia
1200,UK,Russian,0,Russia
1201,UK,Russian,1,Russia
1202,UK,Russian,0,Russia
1203,UK,Russian,1,Russia
1204,UK,Mexican,0,Mexico
1205,UK,Mexican,1,Mexico
1206,UK,Mexican,1,Mexico
1207,UK,Mexican,1,Mexico
1208,UK,Mexican,1,Mexico
1209,UK,Mexican,0,Mexico
1210,UK,Mexican,0,Mexico
1211,UK,German,0,Germany
1212,UK,Mexican,0,Mexico
1213,UK,Mexican,0,Mexico
1214,UK,British,0,UK
1215,UK,French,0,France
1216,UK,French,0,France
1217,UK,French,0,France
1218,UK,French,0,France
1219,UK,French,0,France
1220,UK,French,0,France
1221,UK,French,0,France
1222,UK,French,0,France
1223,UK,French,0,France
1231,UK,German,1,Germany
1232,UK,German,1,Germany
1233,UK,German,1,Germany
1234,UK,German,1,Germany
1235,UK,German,1,Germany
1236,UK,German,0,Germany
1237,UK,German,1,Germany
1238,UK,German,0,Germany
1239,UK,German,0,Germany
1240,UK,British,1,UK
1241,UK,British,1,UK
1242,UK,British,1,UK
1243,UK,British,1,UK
1244,UK,British,1,UK
1245,UK,British,1,UK
1246,UK,British,1,UK
1247,UK,British,1,UK
1248,UK,British,1,UK
1249,UK,Brazilian,0,Brazil
1250,UK,Brazilian,1,Brazil
1251,UK,Brazilian,0,Brazil
1252,UK,Brazilian,1,Brazil
1253,UK,Japanese,0,Japan
1254,UK,Australian,1,Australia
1255,UK,Australian,0,Australia
1256,UK,Australian,1,Australia
1257,UK,Australian,1,Australia
1258,UK,Australian,1,Australia
1259,UK,Australian,1,Australia
1260,UK,Australian,1,Australia
1261,UK,Australian,0,Australia
1262,UK,Australian,1,Australia
1263,UK,British,0,UK
1264,UK,Brazilian,0,Brazil
1265,UK,Brazilian,0,Brazil
1266,UK,Spanish,0,Spain
1267,UK,Spanish,1,Spain
1268,UK,Spanish,0,Spain
1269,UK,Spanish,0,Spain
1270,UK,Spanish,1,Spain
1271,UK,Spanish,0,Spain
1272,UK,Spanish,0,Spain
1273,UK,Spanish,1,Spain
1274,UK,Dutch,0,Austria
1275,UK,Dutch,1,Austria
1276,UK,Dutch,1,Austria
1277,UK,Dutch,0,Austria
1278,UK,Dutch,1,Austria
1279,UK,Dutch,1,Austria
1280,UK,Dutch,1,Austria
1281,UK,Dutch,1,Austria
1282,UK,Spanish,0,Spain
1283,UK,British,0,UK
1284,UK,British,0,UK
1285,UK,German,0,Germany
1286,UK,German,0,Germany
1288,UK,Belgian,0,Belgium
1289,UK,Belgian,0,Belgium
1290,UK,French,1,France
1291,UK,French,1,France
1292,UK,French,1,France
1293,UK,French,1,France
1294,UK,French,1,France
1295,UK,Italian,0,Italy
1296,UK,Italian,0,Italy
1297,UK,Italian,0,Italy
1298,UK,Italian,0,Italy
1299,UK,Canadian,0,Canada
1300,UK,Canadian,0,Canada
1301,UK,Canadian,0,Canada
1302,UK,Canadian,1,Canada
1303,UK,Canadian,1,Canada
1304,UK,Canadian,1,Canada
1305,UK,French,0,France
1306,UK,French,1,France
1307,UK,French,1,France
1308,UK,French,0,France
1309,UK,French,0,France
1311,UK,Monegasque,0,Monaco
1312,UK,Monegasque,1,Monaco
1313,UK,Monegasque,1,Monaco
1314,UK,Monegasque,1,Monaco
1315,UK,Monegasque,1,Monaco
1316,UK,Russian,0,Russia
1317,UK,British,0,UK
1318,UK,British,1,UK
1319,UK,British,1,UK
1320,UK,British,1,UK
1324,UK,British,0,UK
1325,UK,British,0,UK
1326,UK,British,0,UK
1327,UK,British,0,UK
1329,UK,Canadian,0,Canada
1330,UK,Canadian,0,Canada
1331,UK,Canadian,0,Canada
1332,UK,Japanese,1,Japan
1333,UK,German,0,Germany
1334,UK,Russian,0,Russia
1335,Germany,German,1,Germany
1336,Germany,German,1,Germany
1341,Germany,British,1,UK
1342,Germany,British,1,UK
1343,Germany,Spanish,1,Spain
1344,Germany,Spanish,0,Spain
1345,Germany,Spanish,0,Spain
1350,Germany,German,1,Germany
1351,Germany,German,1,Germany
1352,Germany,German,1,Germany
1353,Germany,German,0,Germany
1358,Germany,French,0,France
1359,Germany,Russian,0,Russia
1360,Germany,Russian,0,Russia
1361,Germany,Russian,1,Russia
1362,Germany,Mexican,1,Mexico
1363,Germany,Mexican,1,Mexico
1364,Germany,Mexican,1,Mexico
1365,Germany,Mexican,0,Mexico
1366,Germany,German,0,Germany
1367,Germany,Mexican,0,Mexico
1368,Germany,Mexican,0,Mexico
1369,Germany,British,0,UK
1370,Germany,French,0,France
1371,Germany,French,0,France
1372,Germany,French,0,France
1373,Germany,French,1,France
1374,Germany,French,1,France
1379,Germany,German,1,Germany
1380,Germany,German,1,Germany
1381,Germany,German,0,Germany
1382,Germany,German,1,Germany
1383,Germany,British,1,UK
1384,Germany,British,1,UK
1385,Germany,British,1,UK
1386,Germany,British,1,UK
1387,Germany,Brazilian,0,Brazil
1388,Germany,Brazilian,0,Brazil
1389,Germany,Japanese,0,Japan
1390,Germany,Australian,1,Australia
1391,Germany,Australian,1,Australia
1392,Germany,Australian,0,Australia
1393,Germany,Australian,0,Australia
1394,Germany,Brazilian,0,Brazil
1395,Germany,Spanish,0,Spain
1396,Germany,Spanish,0,Spain
1397,Germany,Spanish,1,Spain
1398,Germany,Dutch,1,Austria
1399,Germany,Dutch,1,Austria
1400,Germany,Dutch,1,Austria
1401,Germany,British,0,UK
1402,Germany,German,0,Germany
1404,Germany,Belgian,0,Belgium
1405,Germany,French,1,France
1406,Germany,Italian,0,Italy
1407,Germany,Canadian,0,Canada
1408,Germany,Canadian,1,Canada
1409,Germany,French,0,France
1410,Germany,French,0,France
1412,Germany,Monegasque,0,Monaco
1413,Germany,Monegasque,0,Monaco
1414,Germany,Russian,0,Russia
1415,Germany,British,0,UK
1417,Germany,British,0,UK
1564,Belgium,German,1,Germany
1565,Belgium,German,1,Germany
1566,Belgium,German,1,Germany
1573,Belgium,British,1,UK
1574,Belgium,British,0,UK
1575,Belgium,British,0,UK
1576,Belgium,Spanish,1,Spain
1577,Belgium,Spanish,0,Spain
1578,Belgium,Spanish,1,Spain
1579,Belgium,Spanish,0,Spain
1580,Belgium,Spanish,0,Spain
1588,Belgium,German,1,Germany
1589,Belgium,German,0,Germany
1590,Belgium,German,1,Germany
1591,Belgium,German,1,Germany
1592,Belgium,German,0,Germany
1593,Belgium,German,1,Germany
1601,Belgium,French,0,France
1602,Belgium,Russian,1,Russia
1603,Belgium,Russian,1,Russia
1604,Belgium,Russian,0,Russia
1605,Belgium,Russian,0,Russia
1606,Belgium,Russian,1,Russia
1607,Belgium,Russian,0,Russia
1608,Belgium,Mexican,1,Mexico
1609,Belgium,Mexican,1,Mexico
1610,Belgium,Mexican,1,Mexico
1611,Belgium,Mexican,0,Mexico
1612,Belgium,Mexican,1,Mexico
1613,Belgium,Mexican,1,Mexico
1614,Belgium,Mexican,1,Mexico
1615,Belgium,German,0,Germany
1616,Belgium,Mexican,0,Mexico
1617,Belgium,Mexican,0,Mexico
1618,Belgium,British,0,UK
1619,Belgium,French,0,France
1620,Belgium,French,0,France
1621,Belgium,French,1,France
1622,Belgium,French,0,France
1623,Belgium,French,1,France
1624,Belgium,French,1,France
1625,Belgium,French,0,France
1626,Belgium,French,0,France
1634,Belgium,German,1,Germany
1635,Belgium,German,0,Germany
1636,Belgium,German,1,Germany
1637,Belgium,German,1,Germany
1638,Belgium,German,1,Germany
1639,Belgium,German,1,Germany
1640,Belgium,German,0,Germany
1641,Belgium,British,0,UK
1642,Belgium,British,1,UK
1643,Belgium,British,1,UK
1644,Belgium,British,1,UK
1645,Belgium,British,1,UK
1646,Belgium,British,1,UK
1647,Belgium,British,1,UK
1648,Belgium,Brazilian,0,Brazil
1649,Belgium,Brazilian,1,Brazil
1650,Belgium,Brazilian,1,Brazil
1651,Belgium,Brazilian,1,Brazil
1652,Belgium,Australian,1,Australia
1653,Belgium,Australian,0,Australia
1654,Belgium,Australian,1,Australia
1655,Belgium,Australian,1,Australia
1656,Belgium,Australian,0,Australia
1657,Belgium,Australian,0,Australia
1658,Belgium,Australian,1,Australia
1659,Belgium,German,0,Germany
1660,Belgium,British,0,UK
1662,Belgium,Brazilian,0,Brazil
1663,Belgium,Brazilian,0,Brazil
1664,Belgium,Spanish,0,Spain
1665,Belgium,Spanish,0,Spain
1666,Belgium,Spanish,1,Spain
1667,Belgium,Spanish,0,Spain
1668,Belgium,Spanish,0,Spain
1669,Belgium,Spanish,0,Spain
1670,Belgium,Dutch,1,Austria
1671,Belgium,Dutch,0,Austria
1672,Belgium,Dutch,0,Austria
1673,Belgium,Dutch,1,Austria
1674,Belgium,Dutch,0,Austria
1675,Belgium,Dutch,1,Austria
1676,Belgium,Spanish,0,Spain
1678,Belgium,British,0,UK
1679,Belgium,British,0,UK
1680,Belgium,German,0,Germany
1681,Belgium,German,0,Germany
1682,Belgium,Belgian,0,Belgium
1683,Belgium,Belgian,0,Belgium
1684,Belgium,French,0,France
1685,Belgium,French,1,France
1686,Belgium,French,1,France
1687,Belgium,French,1,France
1688,Belgium,Italian,0,Italy
1689,Belgium,Italian,0,Italy
1690,Belgium,Canadian,0,Canada
1691,Belgium,Canadian,0,Canada
1692,Belgium,Canadian,1,Canada
1693,Belgium,Canadian,1,Canada
1694,Belgium,French,1,France
1695,Belgium,French,1,France
1696,Belgium,French,1,France
1698,Belgium,Monegasque,0,Monaco
1699,Belgium,Monegasque,1,Monaco
1700,Belgium,Monegasque,0,Monaco
1701,Belgium,Russian,0,Russia
1702,Belgium,British,0,UK
1703,Belgium,British,1,UK
1706,Belgium,British,0,UK
1707,Belgium,British,0,UK
1709,Belgium,Canadian,0,Canada
1711,Italy,German,1,Germany
1712,Italy,German,0,Germany
1713,Italy,German,1,Germany
1720,Italy,British,1,UK
1721,Italy,British,0,UK
1722,Italy,British,0,UK
1723,Italy,Spanish,0,Spain
1724,Italy,Spanish,0,Spain
1725,Italy,Spanish,0,Spain
1726,Italy,Spanish,0,Spain
1727,Italy,Spanish,0,Spain
1735,Italy,German,0,Germany
1736,Italy,German,1,Germany
1737,Italy,German,1,Germany
1738,Italy,German,0,Germany
1739,Italy,German,0,Germany
1740,Italy,German,1,Germany
1748,Italy,French,0,France
1749,Italy,Russian,0,Russia
1750,Italy,Russian,1,Russia
1751,Italy,Russian,0,Russia
1752,Italy,Russian,0,Russia
1753,Italy,Russian,0,Russia
1754,Italy,Russian,1,Russia
1755,Italy,Mexican,1,Mexico
1756,Italy,Mexican,1,Mexico
1757,Italy,Mexican,1,Mexico
1758,Italy,Mexican,1,Mexico
1759,Italy,Mexican,1,Mexico
1760,Italy,Mexican,1,Mexico
1761,Italy,Mexican,1,Mexico
1762,Italy,German,0,Germany
1763,Italy,Mexican,0,Mexico
1764,Italy,Mexican,0,Mexico
1765,Italy,British,0,UK
1766,Italy,French,0,France
1767,Italy,French,0,France
1768,Italy,French,0,France
1769,Italy,French,0,France
1770,Italy,French,0,France
1771,Italy,French,0,France
1772,Italy,French,0,France
1773,Italy,French,0,France
1781,Italy,German,1,Germany
1782,Italy,German,1,Germany
1783,Italy,German,1,Germany
1784,Italy,German,1,Germany
1785,Italy,German,1,Germany
1786,Italy,German,0,Germany
1787,Italy,German,0,Germany
1788,Italy,British,1,UK
1789,Italy,British,1,UK
1790,Italy,British,1,UK
1791,Italy,British,1,UK
1792,Italy,British,1,UK
1793,Italy,British,1,UK
1794,Italy,British,1,UK
1795,Italy,Brazilian,1,Brazil
1796,Italy,Brazilian,1,Brazil
1797,Italy,Brazilian,1,Brazil
1798,Italy,Brazilian,1,Brazil
1799,Italy,Japanese,0,Japan
1800,Italy,Australian,1,Australia
1801,Italy,Australian,1,Australia
1802,Italy,Australian,1,Australia
1803,Italy,Australian,1,Australia
1804,Italy,Australian,0,Australia
1805,Italy,Australian,1,Australia
1806,Italy,Australian,1,Australia
1807,Italy,British,0,UK
1808,Italy,Brazilian,0,Brazil
1809,Italy,Brazilian,0,Brazil
1810,Italy,Spanish,0,Spain
1811,Italy,Spanish,0,Spain
1812,Italy,Spanish,0,Spain
1813,Italy,Spanish,1,Spain
1814,Italy,Spanish,0,Spain
1815,Italy,Spanish,1,Spain
1816,Italy,Dutch,0,Austria
1817,Italy,Dutch,1,Austria
1818,Italy,Dutch,1,Austria
1819,Italy,Dutch,1,Austria
1820,Italy,Dutch,1,Austria
1821,Italy,Dutch,0,Austria
1822,Italy,Spanish,0,Spain
1823,Italy,British,0,UK
1824,Italy,British,0,UK
1825,Italy,German,0,Germany
1826,Italy,German,0,Germany
1827,Italy,Belgian,0,Belgium
1828,Italy,Belgian,0,Belgium
1829,Italy,French,0,France
1830,Italy,French,1,France
1831,Italy,French,1,France
1832,Italy,French,1,France
1833,Italy,Italian,1,Italy
1834,Italy,Italian,0,Italy
1835,Italy,Canadian,1,Canada
1836,Italy,Canadian,1,Canada
1837,Italy,Canadian,0,Canada
1838,Italy,Canadian,1,Canada
1839,Italy,French,0,France
1840,Italy,French,0,France
1841,Italy,French,1,France
1843,Italy,Monegasque,0,Monaco
1844,Italy,Monegasque,1,Monaco
1845,Italy,Monegasque,0,Monaco
1846,Italy,Russian,1,Russia
1847,Italy,British,1,UK
1848,Italy,British,1,UK
1851,Italy,British,0,UK
1852,Italy,British,0,UK
1854,Italy,Canadian,0,Canada
1980,Japan,German,1,Germany
1981,Japan,German,1,Germany
1982,Japan,German,1,Germany
1988,Japan,British,1,UK
1989,Japan,British,0,UK
1990,Japan,British,0,UK
1991,Japan,Spanish,0,Spain
1992,Japan,Spanish,0,Spain
1993,Japan,Spanish,0,Spain
1994,Japan,Spanish,0,Spain
1995,Japan,Spanish,0,Spain
2002,Japan,German,1,Germany
2003,Japan,German,1,Germany
2004,Japan,German,1,Germany
2005,Japan,German,0,Germany
2006,Japan,German,0,Germany
2007,Japan,German,0,Germany
2014,Japan,French,1,France
2015,Japan,Russian,0,Russia
2016,Japan,Russian,0,Russia
2017,Japan,Russian,0,Russia
2018,Japan,Russian,1,Russia
2019,Japan,Mexican,1,Mexico
2020,Japan,Mexican,0,Mexico
2021,Japan,Mexican,1,Mexico
2022,Japan,Mexican,1,Mexico
2023,Japan,Mexican,1,Mexico
2024,Japan,Mexican,1,Mexico
2025,Japan,German,0,Germany
2026,Japan,Mexican,0,Mexico
2027,Japan,Mexican,0,Mexico
2028,Japan,British,0,UK
2029,Japan,French,0,France
2030,Japan,French,0,France
2031,Japan,French,1,France
2032,Japan,French,0,France
2033,Japan,French,1,France
2034,Japan,French,1,France
2035,Japan,French,0,France
2043,Japan,German,1,Germany
2044,Japan,German,1,Germany
2045,Japan,German,1,Germany
2046,Japan,German,0,Germany
2047,Japan,German,1,Germany
2048,Japan,German,1,Germany
2049,Japan,British,1,UK
2050,Japan,British,1,UK
2051,Japan,British,1,UK
2052,Japan,British,1,UK
2053,Japan,British,1,UK
2054,Japan,British,1,UK
2055,Japan,Brazilian,1,Brazil
2056,Japan,Brazilian,0,Brazil
2057,Japan,Brazilian,1,Brazil
2058,Japan,Brazilian,1,Brazil
2059,Japan,Japanese,0,Japan
2060,Japan,Australian,1,Australia
2061,Japan,Australian,0,Australia
2062,Japan,Australian,1,Australia
2063,Japan,Australian,1,Australia
2064,Japan,Australian,1,Australia
2065,Japan,Australian,0,Australia
2066,Japan,British,0,UK
2067,Japan,Brazilian,0,Brazil
2068,Japan,Brazilian,0,Brazil
2069,Japan,Spanish,1,Spain
2070,Japan,Spanish,0,Spain
2071,Japan,Spanish,0,Spain
2072,Japan,Spanish,1,Spain
2073,Japan,Spanish,1,Spain
2074,Japan,Dutch,1,Austria
2075,Japan,Dutch,1,Austria
2076,Japan,Dutch,1,Austria
2077,Japan,Dutch,1,Austria
2078,Japan,Dutch,0,Austria
2079,Japan,American,0,USA
2080,Japan,British,0,UK
2081,Japan,British,0,UK
2082,Japan,German,0,Germany
2083,Japan,German,0,Germany
2084,Japan,Belgian,0,Belgium
2085,Japan,Belgian,0,Belgium
2086,Japan,French,0,France
2087,Japan,French,1,France
2088,Japan,French,1,France
2089,Japan,Italian,0,Italy
2090,Japan,Canadian,0,Canada
2091,Japan,Canadian,0,Canada
2092,Japan,Canadian,1,Canada
2093,Japan,French,0,France
2094,Japan,French,0,France
2095,Japan,French,1,France
2097,Japan,Monegasque,0,Monaco
2098,Japan,Monegasque,1,Monaco
2099,Japan,Russian,0,Russia
2100,Japan,British,0,UK
2102,Japan,British,0,UK
2105,Russia,German,1,Germany
2106,Russia,German,0,Germany
2107,Russia,German,1,Germany
2114,Russia,British,1,UK
2115,Russia,British,1,UK
2116,Russia,British,1,UK
2117,Russia,Spanish,1,Spain
2118,Russia,Spanish,0,Spain
2119,Russia,Spanish,1,Spain
2120,Russia,Spanish,0,Spain
2121,Russia,Spanish,0,Spain
2129,Russia,German,0,Germany
2130,Russia,German,0,Germany
2131,Russia,German,0,Germany
2132,Russia,German,1,Germany
2133,Russia,German,0,Germany
2134,Russia,German,1,Germany
2142,Russia,French,0,France
2143,Russia,Russian,0,Russia
2144,Russia,Russian,1,Russia
2145,Russia,Russian,0,Russia
2146,Russia,Russian,0,Russia
2147,Russia,Russian,0,Russia
2148,Russia,Russian,1,Russia
2149,Russia,Mexican,1,Mexico
2150,Russia,Mexican,1,Mexico
2151,Russia,Mexican,1,Mexico
2152,Russia,Mexican,1,Mexico
2153,Russia,Mexican,1,Mexico
2154,Russia,Mexican,1,Mexico
2155,Russia,Mexican,1,Mexico
2156,Russia,German,0,Germany
2157,Russia,Mexican,0,Mexico
2158,Russia,Mexican,0,Mexico
2159,Russia,British,0,UK
2160,Russia,French,0,France
2161,Russia,French,0,France
2162,Russia,French,1,France
2163,Russia,French,0,France
2164,Russia,French,0,France
2165,Russia,French,0,France
2166,Russia,French,0,France
2174,Russia,German,1,Germany
2175,Russia,German,1,Germany
2176,Russia,German,0,Germany
2177,Russia,German,1,Germany
2178,Russia,German,1,Germany
2179,Russia,German,0,Germany
2180,Russia,German,0,Germany
2181,Russia,British,1,UK
2182,Russia,British,1,UK
2183,Russia,British,1,UK
2184,Russia,British,1,UK
2185,Russia,British,1,UK
2186,Russia,British,1,UK
2187,Russia,British,1,UK
2188,Russia,Brazilian,0,Brazil
2189,Russia,Brazilian,1,Brazil
2190,Russia,Brazilian,1,Brazil
2191,Russia,Brazilian,1,Brazil
2192,Russia,Japanese,0,Japan
2193,Russia,Australian,1,Australia
2194,Russia,Australian,0,Australia
2195,Russia,Australian,0,Australia
2196,Russia,Australian,0,Australia
2197,Russia,Australian,1,Australia
2198,Russia,Australian,0,Australia
2199,Russia,Australian,1,Australia
2200,Russia,British,0,UK
2202,Russia,Brazilian,1,Brazil
2203,Russia,Brazilian,0,Brazil
2204,Russia,Spanish,0,Spain
2205,Russia,Spanish,0,Spain
2206,Russia,Spanish,1,Spain
2207,Russia,Spanish,0,Spain
2208,Russia,Spanish,1,Spain
2209,Russia,Spanish,0,Spain
2210,Russia,Dutch,1,Austria
2211,Russia,Dutch,0,Austria
2212,Russia,Dutch,1,Austria
2213,Russia,Dutch,1,Austria
2214,Russia,Dutch,1,Austria
2215,Russia,Dutch,1,Austria
2216,Russia,Spanish,0,Spain
2218,Russia,British,0,UK
2219,Russia,British,0,UK
2220,Russia,German,0,Germany
2221,Russia,German,0,Germany
2223,Russia,Belgian,0,Belgium
2224,Russia,Belgian,0,Belgium
2225,Russia,French,1,France
2226,Russia,French,1,France
2227,Russia,French,1,France
2228,Russia,Italian,0,Italy
2229,Russia,Italian,0,Italy
2230,Russia,Canadian,0,Canada
2231,Russia,Canadian,0,Canada
2232,Russia,Canadian,0,Canada
2233,Russia,Canadian,0,Canada
2234,Russia,French,0,France
2235,Russia,French,0,France
2236,Russia,French,1,France
2238,Russia,Monegasque,1,Monaco
2239,Russia,Monegasque,1,Monaco
2240,Russia,Monegasque,1,Monaco
2241,Russia,Russian,0,Russia
2242,Russia,British,1,UK
2243,Russia,British,0,UK
2246,Russia,British,0,UK
2247,Russia,British,0,UK
2249,Russia,Canadian,0,Canada
2251,USA,German,1,Germany
2252,USA,German,1,Germany
2253,USA,German,1,Germany
2259,USA,British,0,UK
2260,USA,British,1,UK
2261,USA,British,1,UK
2262,USA,Spanish,1,Spain
2263,USA,Spanish,0,Spain
2264,USA,Spanish,1,Spain
2265,USA,Spanish,0,Spain
2266,USA,Spanish,0,Spain
2273,USA,German,0,Germany
2274,USA,German,0,Germany
2275,USA,German,0,Germany
2276,USA,German,0,Germany
2277,USA,German,1,Germany
2278,USA,German,1,Germany
2285,USA,French,1,France
2286,USA,Russian,0,Russia
2287,USA,Russian,0,Russia
2288,USA,Russian,0,Russia
2289,USA,Russian,1,Russia
2290,USA,Russian,0,Russia
2291,USA,Mexican,0,Mexico
2292,USA,Mexican,1,Mexico
2293,USA,Mexican,1,Mexico
2294,USA,Mexican,1,Mexico
2295,USA,Mexican,1,Mexico
2296,USA,Mexican,1,Mexico
2297,USA,German,0,Germany
2298,USA,Mexican,0,Mexico
2299,USA,Mexican,0,Mexico
2300,USA,French,0,France
2301,USA,French,0,France
2302,USA,French,1,France
2303,USA,French,0,France
2304,USA,French,0,France
2305,USA,French,0,France
2312,USA,German,1,Germany
2313,USA,German,1,Germany
2314,USA,German,1,Germany
2315,USA,German,1,Germany
2316,USA,German,1,Germany
2317,USA,German,0,Germany
2318,USA,British,1,UK
2319,USA,British,1,UK
2320,USA,British,1,UK
2321,USA,British,1,UK
2322,USA,British,1,UK
2323,USA,British,1,UK
2324,USA,Brazilian,1,Brazil
2325,USA,Brazilian,0,Brazil
2326,USA,Brazilian,1,Brazil
2327,USA,Brazilian,1,Brazil
2328,USA,Australian,1,Australia
2329,USA,Australian,1,Australia
2330,USA,Australian,1,Australia
2331,USA,Australian,0,Australia
2332,USA,Australian,0,Australia
2333,USA,Australian,1,Australia
2334,USA,British,0,UK
2336,USA,Brazilian,1,Brazil
2337,USA,Brazilian,0,Brazil
2338,USA,Spanish,1,Spain
2339,USA,Spanish,1,Spain
2340,USA,Spanish,1,Spain
2341,USA,Spanish,1,Spain
2342,USA,Spanish,1,Spain
2343,USA,Dutch,1,Austria
2344,USA,Dutch,0,Austria
2345,USA,Dutch,1,Austria
2346,USA,Dutch,1,Austria
2347,USA,Dutch,1,Austria
2348,USA,American,0,USA
2350,USA,British,0,UK
2351,USA,German,0,Germany
2352,USA,German,0,Germany
2353,USA,Belgian,0,Belgium
2354,USA,Belgian,0,Belgium
2355,USA,French,0,France
2356,USA,French,1,France
2357,USA,French,0,France
2358,USA,Italian,0,Italy
2359,USA,Canadian,0,Canada
2360,USA,Canadian,0,Canada
2361,USA,Canadian,0,Canada
2362,USA,French,0,France
2363,USA,French,0,France
2366,USA,Monegasque,0,Monaco
2367,USA,Monegasque,1,Monaco
2368,USA,Russian,0,Russia
2369,USA,British,1,UK
2371,USA,British,0,UK
2374,Brazil,German,1,Germany
2375,Brazil,German,1,Germany
2376,Brazil,German,1,Germany
2382,Brazil,British,1,UK
2383,Brazil,British,0,UK
2384,Brazil,British,0,UK
2385,Brazil,Spanish,1,Spain
2386,Brazil,Spanish,0,Spain
2387,Brazil,Spanish,1,Spain
2388,Brazil,Spanish,1,Spain
2389,Brazil,Spanish,0,Spain
2396,Brazil,German,1,Germany
2397,Brazil,German,1,Germany
2398,Brazil,German,1,Germany
2399,Brazil,German,1,Germany
2400,Brazil,German,0,Germany
2401,Brazil,German,0,Germany
2408,Brazil,French,0,France
2409,Brazil,Russian,0,Russia
2410,Brazil,Russian,1,Russia
2411,Brazil,Russian,0,Russia
2412,Brazil,Russian,1,Russia
2413,Brazil,Mexican,0,Mexico
2414,Brazil,Mexican,0,Mexico
2415,Brazil,Mexican,1,Mexico
2416,Brazil,Mexican,1,Mexico
2417,Brazil,Mexican,1,Mexico
2418,Brazil,Mexican,1,Mexico
2419,Brazil,German,0,Germany
2420,Brazil,Mexican,0,Mexico
2421,Brazil,Mexican,0,Mexico
2422,Brazil,French,0,France
2423,Brazil,French,1,France
2424,Brazil,French,0,France
2425,Brazil,French,0,France
2426,Brazil,French,1,France
2427,Brazil,French,0,France
2434,Brazil,German,1,Germany
2435,Brazil,German,1,Germany
2436,Brazil,German,1,Germany
2437,Brazil,German,1,Germany
2438,Brazil,German,1,Germany
2439,Brazil,German,0,Germany
2440,Brazil,British,1,UK
2441,Brazil,British,1,UK
2442,Brazil,British,1,UK
2443,Brazil,British,1,UK
2444,Brazil,British,1,UK
2445,Brazil,British,1,UK
2446,Brazil,Brazilian,1,Brazil
2447,Brazil,Brazilian,0,Brazil
2448,Brazil,Brazilian,0,Brazil
2449,Brazil,Brazilian,1,Brazil
2450,Brazil,Australian,0,Australia
2451,Brazil,Australian,0,Australia
2452,Brazil,Australian,1,Australia
2453,Brazil,Australian,1,Australia
2454,Brazil,Australian,1,Australia
2455,Brazil,Australian,1,Australia
2456,Brazil,British,0,UK
2458,Brazil,Brazilian,0,Brazil
2459,Brazil,Brazilian,1,Brazil
2460,Brazil,Spanish,0,Spain
2461,Brazil,Spanish,1,Spain
2462,Brazil,Spanish,0,Spain
2463,Brazil,Spanish,0,Spain
2464,Brazil,Spanish,1,Spain
2465,Brazil,Dutch,1,Austria
2466,Brazil,Dutch,1,Austria
2467,Brazil,Dutch,1,Austria
2468,Brazil,Dutch,1,Austria
2469,Brazil,Dutch,1,Austria
2470,Brazil,American,0,USA
2472,Brazil,British,0,UK
2473,Brazil,German,0,Germany
2474,Brazil,German,0,Germany
2475,Brazil,Belgian,0,Belgium
2476,Brazil,Belgian,0,Belgium
2477,Brazil,French,0,France
2478,Brazil,French,0,France
2479,Brazil,French,0,France
2480,Brazil,Italian,1,Italy
2481,Brazil,Canadian,0,Canada
2482,Brazil,Canadian,0,Canada
2483,Brazil,Canadian,0,Canada
2484,Brazil,French,0,France
2485,Brazil,French,0,France
2486,Brazil,French,1,France
2489,Brazil,Monegasque,1,Monaco
2490,Brazil,Monegasque,0,Monaco
2491,Brazil,Russian,0,Russia
2492,Brazil,British,1,UK
2494,Brazil,British,0,UK
2640,Mexico,German,1,Germany
2641,Mexico,German,1,Germany
2646,Mexico,British,0,UK
2647,Mexico,British,0,UK
2648,Mexico,Spanish,0,Spain
2649,Mexico,Spanish,0,Spain
2650,Mexico,Spanish,1,Spain
2651,Mexico,Spanish,0,Spain
2657,Mexico,German,1,Germany
2658,Mexico,German,1,Germany
2659,Mexico,German,0,Germany
2660,Mexico,German,1,Germany
2661,Mexico,German,1,Germany
2667,Mexico,Russian,1,Russia
2668,Mexico,Russian,0,Russia
2669,Mexico,Russian,0,Russia
2670,Mexico,Mexican,1,Mexico
2671,Mexico,Mexican,1,Mexico
2672,Mexico,Mexican,1,Mexico
2673,Mexico,Mexican,0,Mexico
2674,Mexico,Mexican,1,Mexico
2675,Mexico,Mexican,0,Mexico
2676,Mexico,French,1,France
2677,Mexico,French,0,France
2678,Mexico,French,0,France
2679,Mexico,French,0,France
2680,Mexico,French,0,France
2686,Mexico,German,0,Germany
2687,Mexico,German,1,Germany
2688,Mexico,German,1,Germany
2689,Mexico,German,1,Germany
2690,Mexico,German,1,Germany
2691,Mexico,British,1,UK
2692,Mexico,British,1,UK
2693,Mexico,British,1,UK
2694,Mexico,British,1,UK
2695,Mexico,British,1,UK
2696,Mexico,Brazilian,1,Brazil
2697,Mexico,Brazilian,1,Brazil
2698,Mexico,Brazilian,0,Brazil
2699,Mexico,Australian,1,Australia
2700,Mexico,Australian,1,Australia
2701,Mexico,Australian,0,Australia
2702,Mexico,Australian,0,Australia
2703,Mexico,Australian,1,Australia
2704,Mexico,British,0,UK
2706,Mexico,Brazilian,0,Brazil
2707,Mexico,Brazilian,0,Brazil
2708,Mexico,Spanish,0,Spain
2709,Mexico,Spanish,0,Spain
2710,Mexico,Spanish,0,Spain
2711,Mexico,Spanish,0,Spain
2712,Mexico,Spanish,0,Spain
2713,Mexico,Dutch,1,Austria
2714,Mexico,Dutch,1,Austria
2715,Mexico,Dutch,1,Austria
2716,Mexico,Dutch,1,Austria
2717,Mexico,Dutch,1,Austria
2718,Mexico,American,0,USA
2720,Mexico,British,0,UK
2721,Mexico,German,0,Germany
2722,Mexico,German,0,Germany
2723,Mexico,Belgian,0,Belgium
2724,Mexico,Belgian,1,Belgium
2725,Mexico,French,0,France
2726,Mexico,French,1,France
2727,Mexico,French,0,France
2728,Mexico,Italian,0,Italy
2729,Mexico,Canadian,1,Canada
2730,Mexico,Canadian,0,Canada
2731,Mexico,Canadian,0,Canada
2732,Mexico,French,0,France
2733,Mexico,French,1,France
2734,Mexico,French,1,France
2737,Mexico,Monegasque,1,Monaco
2738,Mexico,Monegasque,1,Monaco
2739,Mexico,Russian,0,Russia
2740,Mexico,British,0,UK
2742,Mexico,British,0,UK
2849,France,Spanish,0,Spain
2850,France,Spanish,1,Spain
2854,France,German,1,Germany
2855,France,German,1,Germany
2859,France,Russian,0,Russia
2860,France,Mexican,0,Mexico
2861,France,Mexican,0,Mexico
2862,France,Mexican,1,Mexico
2863,France,French,0,France
2864,France,French,0,France
2866,France,German,1,Germany
2867,France,German,1,Germany
2868,France,German,1,Germany
2869,France,British,1,UK
2870,France,British,1,UK
2871,France,British,1,UK
2872,France,Australian,1,Australia
2873,France,Australian,0,Australia
2874,France,Australian,1,Australia
2875,France,Spanish,1,Spain
2876,France,Spanish,1,Spain
2877,France,Spanish,0,Spain
2878,France,Dutch,1,Austria
2879,France,Dutch,1,Austria
2880,France,Dutch,1,Austria
2881,France,Belgian,0,Belgium
2882,France,French,0,France
2883,France,French,0,France
2884,France,Italian,0,Italy
2885,France,Italian,0,Italy
2886,France,Canadian,0,Canada
2887,France,Canadian,0,Canada
2888,France,Canadian,1,Canada
2889,France,French,0,France
2890,France,French,1,France
2891,France,French,1,France
2893,France,Monegasque,1,Monaco
2894,France,Monegasque,1,Monaco
2895,France,Monegasque,0,Monaco
2896,France,Russian,0,Russia
2897,France,British,1,UK
2898,France,British,1,UK
2900,France,British,0,UK
2901,France,British,0,UK
2903,France,Canadian,0,Canada
2904,France,Japanese,0,Japan
2905,France,German,0,Germany
2906,France,Russian,0,Russia
2910,Italy,Russian,1,Russia
2911,Italy,Mexican,1,Mexico
2912,Italy,French,0,France
2913,Italy,German,1,Germany
2914,Italy,British,1,UK
2915,Italy,Australian,1,Australia
2916,Italy,Spanish,0,Spain
2917,Italy,Dutch,0,Austria
2918,Italy,French,0,France
2919,Italy,Italian,0,Italy
2920,Italy,Canadian,0,Canada
2921,Italy,French,0,France
2922,Italy,Monegasque,1,Monaco
2923,Italy,British,1,UK
2925,Italy,British,0,UK
2926,Italy,Canadian,0,Canada
2929,Germany,German,1,Germany
2931,Germany,Russian,0,Russia
2932,Germany,Mexican,1,Mexico
2933,Germany,French,1,France
2934,Germany,German,0,Germany
2935,Germany,British,1,UK
2936,Germany,Australian,1,Australia
2937,Germany,Spanish,1,Spain
2938,Germany,Dutch,1,Austria
2939,Germany,French,0,France
2940,Germany,Italian,1,Italy
2941,Germany,French,1,France
2942,Germany,Monegasque,1,Monaco
2943,Germany,British,0,UK
2945,Germany,British,0,UK
2946,Germany,Canadian,0,Canada
2988,Italy,Spanish,1,Spain
2993,Italy,Russian,1,Russia
2994,Italy,Mexican,1,Mexico
2995,Italy,Mexican,0,Mexico
2996,Italy,French,0,France
2997,Italy,German,0,Germany
2998,Italy,German,0,Germany
2999,Italy,British,1,UK
3000,Italy,British,1,UK
3001,Italy,Australian,1,Australia
3002,Italy,Australian,1,Australia
3003,Italy,Spanish,1,Spain
3004,Italy,Spanish,1,Spain
3005,Italy,Dutch,0,Austria
3006,Italy,Dutch,1,Austria
3007,Italy,French,0,France
3008,Italy,French,1,France
3009,Italy,Italian,1,Italy
3010,Italy,Italian,0,Italy
3011,Italy,Canadian,0,Canada
3012,Italy,Canadian,1,Canada
3013,Italy,French,0,France
3014,Italy,French,1,France
3015,Italy,Monegasque,1,Monaco
3016,Italy,Monegasque,1,Monaco
3017,Italy,British,1,UK
3018,Italy,British,1,UK
3020,Italy,British,0,UK
3021,Italy,British,0,UK
3022,Italy,Canadian,0,Canada
3023,Italy,Canadian,0,Canada
3024,Italy,Japanese,0,Japan
3025,Italy,German,0,Germany
3026,Italy,Russian,0,Russia
